district,year,dem_candidate,rep_candidate,actual_dem_pct,baseline_dem_pct,overperformance,pvi_cycles,baseline_ok,two_party_votes,incumbency,inc_signed,candidate_quality,local_trend,fin_log2_dr,d_receipts,r_receipts,is_midterm,finance_controlled,expected_from_factors,unexplained_residual
cd01,2018,SUZAN DELBENE,JEFFREY BEELER,52.37,49.08,3.29,1,True,198151,OPEN,0,2.0,0.0,6.51,2110820.42,23157.67,1,True,5.31,-2.02
cd01,2020,SUZAN DELBENE,"JEFFREY BEELER, SR.",58.62,49.08,9.54,1,True,426351,D-INC,3.5,2.0,1.48,,2189500.94,,0,False,4.84,4.7
cd01,2022,SUZAN DELBENE,VINCENT J CAVALERI,63.56,51.69,11.87,2,True,286303,D-INC,3.5,2.0,3.0,3.75,2502763.72,185847.78,1,True,6.83,5.04
cd01,2024,SUZAN DELBENE,JEB BREWER,63.17,50.11,13.06,2,True,359269,D-INC,3.5,3.0,2.47,8.09,3850571.4,14151.0,0,True,9.04,4.02
cd02,2020,RICK LARSEN,TIMOTHY S. HAZELO,63.24,61.73,1.51,1,True,403636,D-INC,3.5,3.0,0.0,4.7,1284956.04,49478.22,0,True,5.48,-3.97
cd02,2022,RICK LARSEN,DAN MATTHEWS,60.18,61.28,-1.1,2,True,337302,D-INC,3.5,3.0,-0.19,3.54,1697229.23,145529.16,1,True,4.75,-5.85
cd03,2018,CAROLYN LONG,JAIME HERRERA BEUTLER,47.32,41.82,5.5,1,True,306512,R-INC,-4.0,0.0,0.0,0.52,3883284.0,2705354.23,1,True,0.69,4.81
cd03,2020,CAROLYN LONG,JAIME HERRERA BEUTLER,43.5,41.82,1.68,1,True,416926,R-INC,-4.0,0.0,3.0,-0.14,4187790.7,4623991.32,0,True,2.6,-0.92
cd03,2022,MARIE GLUESENKAMP PEREZ,JOE KENT,50.43,43.2,7.23,2,True,317738,OPEN,0,3.0,-1.91,0.04,3924093.95,3816390.01,1,True,1.03,6.2
cd03,2024,MARIE GLUESENKAMP PEREZ,JOE KENT,51.96,45.35,6.61,2,True,413912,D-INC,3.5,0.0,3.0,2.16,11856001.72,2654419.86,0,True,5.19,1.42
cd04,2018,CHRISTINE BROWN,DAN NEWHOUSE,37.22,36.63,0.59,1,True,224415,R-INC,-4.0,-3.0,0.0,-1.28,475862.12,1155667.61,1,True,-1.48,2.07
cd04,2020,DOUGLAS E. MCKINLEY,DAN NEWHOUSE,33.69,36.63,-2.94,1,True,304775,R-INC,-4.0,-3.0,-0.25,-4.26,61816.45,1184750.4,0,True,-3.17,0.23
cd04,2022,DOUG WHITE,DAN NEWHOUSE,31.98,35.4,-3.42,2,True,221053,R-INC,-4.0,3.0,-1.77,-1.47,774333.86,2148295.38,1,True,-0.39,-3.03
cd05,2018,LISA BROWN,CATHY MCMORRIS RODGERS,45.27,40.78,4.49,1,True,320008,R-INC,-4.0,3.0,0.0,-0.02,5763983.16,5863432.0,1,True,1.67,2.82
cd05,2020,DAVE WILSON,CATHY MCMORRIS RODGERS,38.59,40.78,-2.19,1,True,403552,R-INC,-4.0,-2.0,2.45,-5.29,112782.51,4419970.26,0,True,-1.25,-0.94
cd05,2022,NATASHA HILL,CATHY MCMORRIS RODGERS,40.39,40.13,0.26,2,True,314592,R-INC,-4.0,-3.0,-3.0,-4.09,377499.11,6416913.26,1,True,-5.14,5.4
cd05,2024,CARMELA CONROY,MICHAEL BAUMGARTNER,39.37,42.41,-3.04,2,True,396245,OPEN,0,0.0,0.9,-1.32,604595.92,1505190.06,0,True,1.19,-4.23
cd06,2018,DEREK KILMER,DOUGLAS DIGHTMAN,63.89,57.57,6.32,1,True,323069,D-INC,3.5,3.0,0.0,5.66,2350189.52,46610.0,1,True,5.96,0.36
cd06,2020,DEREK KILMER,ELIZABETH KREISELMAIER,59.45,57.57,1.88,1,True,416212,D-INC,3.5,3.0,1.19,4.03,2557718.74,156123.45,0,True,6.03,-4.15
cd06,2022,DEREK KILMER,ELIZABETH KREISELMAIER,60.07,56.84,3.23,2,True,347368,D-INC,3.5,3.0,-2.22,2.63,2637628.09,426186.56,1,True,2.77,0.46
cd06,2024,EMILY RANDALL,DREW C MACEWEN,56.84,56.29,0.55,2,True,420649,OPEN,0,3.0,0.31,2.95,1978942.81,255579.9,0,True,4.16,-3.61
cd07,2018,PRAMILA JAYAPAL,CRAIG KELLER,83.56,70.0,13.56,1,True,394681,D-INC,3.5,3.0,0.0,8.26,2212622.98,7204.0,1,True,7.27,6.29
cd07,2020,PRAMILA JAYAPAL,CRAIG KELLER,83.19,70.0,13.19,1,True,465349,D-INC,3.5,3.0,3.0,9.16,2655142.94,4644.0,0,True,9.98,3.21
cd07,2022,PRAMILA JAYAPAL,CLIFF MOON,85.75,73.5,12.25,2,True,345205,D-INC,3.5,3.0,-0.19,8.43,2772436.29,8019.18,1,True,7.22,5.03
cd07,2024,PRAMILA JAYAPAL,DAN ALEXANDER,84.18,70.6,13.58,2,True,418506,D-INC,3.5,3.0,1.28,,2824206.25,,0,False,5.11,8.47
cd08,2018,KIM SCHRIER,DINO ROSSI,52.42,39.33,13.09,1,True,312540,OPEN,0,-3.0,0.0,0.75,8144753.17,4846553.35,1,True,0.31,12.78
cd08,2020,KIM SCHRIER,JESSE JENSEN,51.79,39.33,12.46,1,True,411546,D-INC,3.5,3.0,3.0,2.67,5452642.06,857594.08,0,True,6.7,5.76
cd08,2022,KIM SCHRIER,MATT LARKIN,53.45,42.76,10.69,2,True,334627,D-INC,3.5,3.0,-0.32,1.78,9640767.33,2810552.79,1,True,3.76,6.93
cd08,2024,KIM SCHRIER,CARMEN GOERS,54.09,40.22,13.87,2,True,415231,D-INC,3.5,3.0,0.83,,6530378.69,,0,False,4.77,9.1
cd09,2020,ADAM SMITH,DOUG BASLER,74.26,62.62,11.64,1,True,348468,D-INC,3.5,3.0,0.0,5.87,1327196.11,22729.8,0,True,6.07,5.57
cd09,2022,ADAM SMITH,DOUG BASLER,71.75,62.88,8.87,2,True,239377,D-INC,3.5,3.0,0.34,3.37,1386775.73,133962.28,1,True,5.06,3.81
cd10,2018,DENNY HECK,JOSEPH BRUMBLES,61.55,56.11,5.44,1,True,270034,D-INC,3.5,3.0,0.0,8.28,1632852.46,5243.0,1,True,7.28,-1.84
cd10,2022,MARILYN STRICKLAND,KEITH R SWANK,57.07,55.65,1.42,2,True,267288,D-INC,3.5,3.0,-1.78,3.36,1911259.96,185895.22,1,True,3.47,-2.05
cd10,2024,MARILYN STRICKLAND,DON HEWETT,58.67,55.41,3.26,2,True,347207,D-INC,3.5,3.0,-0.46,15.67,2067308.22,39.57,0,True,10.67,-7.41
ld01,2018,DEREK STANFORD,JOSH COLVER,68.0,60.48,7.52,1,True,47813,D-INC,3.5,2.0,0.0,5.38,125145.51,3003.89,1,True,5.4,2.12
ld01,2020,DAVINA DUERR,ADAM BARTHOLOMEW,66.48,60.48,6.0,1,True,87275,D-INC,3.5,2.0,3.0,,,5266.79,0,False,5.98,0.02
ld01,2022,DAVINA DUERR,JOHN PEEPLES,70.88,62.79,8.09,2,True,67783,D-INC,3.5,0.0,-0.17,,,,1,False,2.77,5.32
ld01,2024,DAVINA DUERR,MARK DAVIES,69.28,64.53,4.75,2,True,79635,D-INC,3.5,-3.0,3.0,7.08,75974.43,560.1,0,True,6.42,-1.67
ld02,2018,ANNELIESE FELD,ANDREW BARKIS,40.83,38.46,2.37,1,True,56268,R-INC,-4.0,-2.0,0.0,-3.42,11341.4,121445.57,1,True,-2.14,4.51
ld02,2020,VERONICA WHITCHER ROCKETT,JT WILCOX,34.3,38.46,-4.16,1,True,81504,R-INC,-4.0,0.0,2.16,-4.6,14547.62,353498.86,0,True,-0.28,-3.88
ld02,2024,ERASMO RUIZ GONZALEZ,JIM MCCUNE,36.89,37.81,-0.92,2,True,75576,R-INC,-4.0,2.0,-2.79,-1.62,21122.26,64809.0,0,True,-1.65,0.73
ld03,2018,MARCUS RICCELLI,TOM TAYLOR,64.15,58.31,5.84,1,True,52280,OPEN,0,2.0,0.0,,131256.72,,1,False,3.07,2.77
ld03,2020,MARCUS RICCELLI,LAURA D CARDER,60.58,58.31,2.27,1,True,66237,D-INC,3.5,0.0,0.28,,154725.6,,0,False,3.11,-0.84
ld03,2022,MARCUS RICCELLI,SCOTTY NICOL,62.46,57.32,5.14,2,True,60373,D-INC,3.5,2.0,-1.62,4.01,266679.6,16598.25,1,True,3.5,1.64
ld03,2024,NATASHA HILL,TONY KIEPE,58.79,56.96,1.83,2,True,74393,D-INC,3.5,-2.0,0.87,2.71,111088.84,17009.77,0,True,3.03,-1.2
ld04,2018,TED CUMMINGS,MATT SHEA,42.26,35.99,6.27,1,True,68535,R-INC,-4.0,-2.0,0.0,-1.48,40430.42,112597.4,1,True,-1.16,7.43
ld04,2020,LORI FEAGAN,BOB MCCASLIN,39.6,35.99,3.61,1,True,89605,R-INC,-4.0,-2.0,2.41,1.56,168556.24,57280.24,0,True,2.18,1.43
ld04,2022,TED CUMMINGS,SUZANNE SCHMIDT,36.57,36.77,-0.2,2,True,65072,OPEN,0,3.0,-0.96,-4.86,3338.81,97099.02,1,True,-0.74,0.54
ld04,2024,MIGUEL VALENCIA,LEONARD CHRISTIAN,35.6,35.48,0.12,2,True,83326,R-INC,-4.0,-2.0,-0.85,-1.94,19344.6,74149.27,0,True,-2.03,2.15
ld05,2020,BILL RAMOS,KEN MONINSKI,60.8,50.0,10.8,0,False,90640,NONE,0,0.0,0.0,3.13,165840.67,18965.66,0,,,
ld05,2022,BILL RAMOS,KEN MONINSKI,59.45,48.65,10.8,0,False,70352,D-INC,3.5,2.0,0.0,3.43,158157.46,14691.75,1,,,
ld05,2024,VICTORIA HUNT,MARK HARGROVE,54.09,50.0,4.09,0,False,85038,D-INC,3.5,2.0,-2.06,3.41,174039.58,16343.44,0,,,
ld06,2018,KAY MURANO,MIKE VOLZ,46.55,44.58,1.97,1,True,68844,R-INC,-4.0,0.0,0.0,,139708.04,,1,False,1.47,0.5
ld06,2020,ZACK ZAPPONE,MIKE VOLZ,48.03,44.58,3.45,1,True,85690,OPEN,0,-2.0,3.0,1.04,193441.62,93880.36,0,True,3.12,0.33
ld06,2022,MICHAELA KELSO,JENNY GRAHAM,38.26,46.41,-8.15,2,True,59253,R-INC,-4.0,2.0,-0.1,,5803.13,,1,False,2.23,-10.38
ld06,2024,STEVEN MCCRAY II,MIKE VOLZ,37.63,48.78,-11.15,2,True,76149,OPEN,0,-2.0,-3.0,-3.76,8335.87,113066.15,0,True,-3.8,-7.35
ld07,2018,RANDALL (RANDY) MICHAELIS,JACQUELIN MAYCUMBER,31.62,30.29,1.33,1,True,69112,R-INC,-4.0,-2.0,0.0,,,110117.34,1,False,0.63,0.7
ld07,2020,GEORGIA D. DAVENPORT,JACQUELIN MAYCUMBER,28.05,30.29,-2.24,1,True,85458,OPEN,0,0.0,-0.65,-3.01,25348.62,203768.04,0,True,-0.82,-1.42
ld07,2024,PAUL &QUOT;ROCKY&QUOT; DEAN,HUNTER ABELL,29.18,28.48,0.7,2,True,82000,OPEN,0,3.0,-1.78,-1.19,32282.0,73579.99,0,True,0.5,0.2
ld08,2018,SHIR REGEV,BRAD KLIPPERT,34.72,36.62,-1.9,1,True,59075,OPEN,0,-2.0,0.0,-2.93,7529.38,57395.9,1,True,-1.13,-0.77
ld08,2024,JOHN CHRISTENSON,APRIL CONNORS,29.49,35.48,-5.99,2,True,72410,OPEN,0,0.0,0.0,-5.69,3378.82,174752.34,0,True,-1.69,-4.3
ld09,2018,JENN GOULET,MARY DYE,35.92,35.44,0.48,1,True,52185,R-INC,-4.0,-2.0,0.0,-0.24,60935.26,72139.28,1,True,-0.53,1.01
ld09,2020,JENN GOULET,MARK G. SCHOESLER,34.31,35.44,-1.13,1,True,66453,R-INC,-4.0,2.0,2.09,-7.13,2853.0,400557.92,0,True,-0.78,-0.35
ld09,2024,PATRICK MILLER,MARY DYE,35.07,35.56,-0.49,2,True,77134,R-INC,-4.0,0.0,-1.71,-2.94,13829.9,105776.91,0,True,-2.34,1.85
ld10,2018,SCOTT MCMULLEN,NORMA SMITH,47.84,46.36,1.48,1,True,72472,R-INC,-4.0,-2.0,0.0,-0.73,88813.43,147694.17,1,True,-0.78,2.26
ld10,2020,ANGIE HOMOLA,GREG GILDAY,49.51,46.36,3.15,1,True,90645,OPEN,0,2.0,3.0,-0.52,250800.29,358565.58,0,True,4.0,-0.85
ld10,2022,CLYDE SHAVERS,GREG GILDAY,50.11,48.47,1.64,2,True,74281,OPEN,0,0.0,0.25,0.55,520526.46,355692.43,1,True,1.65,-0.01
ld10,2024,CLYDE SHAVERS,CARRIE R. KENNEDY,53.27,50.45,2.82,2,True,88719,D-INC,3.5,0.0,0.73,4.55,427534.29,18238.95,0,True,4.69,-1.87
ld11,2020,STEVE BERGQUIST,SEAN ATCHISON,70.76,50.0,20.76,0,False,66530,NONE,0,0.0,0.0,,168265.0,,0,,,
ld11,2022,DAVID HACKNEY,STEPHANIE PETERS,69.45,48.65,20.8,0,False,46496,OPEN,0,2.0,0.0,,,2887.0,1,,,
ld12,2018,VALERIE SARRATT,MIKE STEELE,36.2,37.93,-1.73,1,True,58317,OPEN,0,0.0,0.0,,,47700.0,1,False,2.23,-3.96
ld12,2020,ADRIANNE MOORE,KEITH GOEHNER,39.57,37.93,1.64,1,True,75815,R-INC,-4.0,3.0,-0.52,0.38,125252.59,96534.03,0,True,1.48,0.16
ld12,2024,HEATHER KOELLEN,BRIAN BURNETT,46.69,38.82,7.87,2,True,83097,R-INC,-4.0,0.0,1.68,0.1,98120.94,91554.23,0,True,1.73,6.14
ld13,2018,JESSE HEGSTROM OAKEY,TOM DENT,28.66,30.79,-2.13,1,True,49292,R-INC,-4.0,3.0,0.0,-4.48,4396.69,98139.58,1,True,-0.59,-1.54
ld13,2020,EDUARDO CASTANEDA-D&#237;AZ,TOM DENT,28.6,30.79,-2.19,1,True,66805,R-INC,-4.0,0.0,-3.0,,,147050.21,0,False,-0.78,-1.41
ld14,2018,SASHA BENTLEY,CHRIS CORRY,41.26,37.08,4.18,1,True,52025,OPEN,0,0.0,0.0,,,,1,False,2.23,1.95
ld14,2020,TRACY RUSHING,CHRIS CORRY,40.34,37.08,3.26,1,True,66240,R-INC,-4.0,2.0,3.0,-2.36,26680.77,137308.88,0,True,2.31,0.95
ld14,2024,CHELSEA DIMAS,GLORIA MENDOZA,45.86,39.36,6.5,2,True,33586,OPEN,0,-2.0,0.0,0.54,248025.71,171004.77,0,True,0.62,5.88
ld15,2018,JACK MCENTIRE,BRUCE CHANDLER,40.29,41.8,-1.51,1,True,33535,R-INC,-4.0,0.0,0.0,-2.2,17620.43,80882.48,1,True,-0.69,-0.82
ld15,2020,AJ COOPER,JEREMIE DUFAULT,40.86,41.8,-0.94,1,True,46186,OPEN,0,-2.0,0.0,-8.69,702.62,289288.96,0,True,-4.04,3.1
ld15,2022,LINDSEY KEESLING,NIKKI TORRES,32.34,42.16,-9.82,2,True,22952,OPEN,0,0.0,0.85,-4.41,4568.16,97302.0,1,True,-0.41,-9.41
ld16,2018,EVERETT MAROON,WILLIAM 'BILL' JENKIN,37.41,36.27,1.14,1,True,47297,OPEN,0,-2.0,0.0,-1.12,23511.26,51236.75,1,True,-0.22,1.36
ld16,2020,FRANCES CHVATAL,MARK KLICKER,36.38,36.27,0.11,1,True,60626,OPEN,0,-2.0,1.55,-0.73,41971.84,69828.99,0,True,1.14,-1.03
ld16,2022,JEFF STRICKLER,MARK KLICKER,31.04,36.59,-5.55,2,True,54065,R-INC,-4.0,-2.0,-0.94,-1.7,19297.5,62865.0,1,True,-1.98,-3.57
ld16,2024,LINDA GUNSHEFSKI,MARK KLICKER,35.49,36.2,-0.71,2,True,71076,R-INC,-4.0,-2.0,-3.0,-0.04,75798.22,78045.0,0,True,-2.68,1.97
ld17,2018,TANISHA HARRIS,VICKI KRAFT,49.35,44.16,5.19,1,True,58476,R-INC,-4.0,-2.0,0.0,0.32,226060.57,180684.68,1,True,-0.25,5.44
ld17,2020,TANISHA L. HARRIS,VICKI KRAFT,48.92,44.16,4.76,1,True,82045,R-INC,-4.0,2.0,3.0,,,115682.26,0,False,4.55,0.21
ld17,2022,TERRI NILES,KEVIN WATERS,46.77,46.23,0.54,2,True,69324,R-INC,-4.0,2.0,0.63,-1.48,54750.06,153230.68,1,True,0.98,-0.44
ld17,2024,MARLA KEETHLER,PAUL HARRIS,48.83,48.87,-0.04,2,True,86053,R-INC,-4.0,2.0,-0.56,-0.21,456411.43,528550.57,0,True,0.73,-0.77
ld18,2018,CHRIS THOBABEN,BRANDON VICK,44.44,40.82,3.62,1,True,69869,OPEN,0,-2.0,0.0,-2.63,27356.44,169825.46,1,True,-0.98,4.6
ld18,2020,KASSANDRA BESSERT,BRANDON VICK,38.75,40.82,-2.07,1,True,93980,R-INC,-4.0,0.0,3.0,-5.11,4618.67,159903.46,0,True,0.09,-2.16
ld18,2022,JOHN ZINGALE,STEPHANIE MCCLINTOCK,47.55,42.17,5.38,2,True,64324,OPEN,0,2.0,-2.37,-0.2,124208.77,142831.51,1,True,0.14,5.24
ld18,2024,DEKEN LETINICH,STEPHANIE MCCLINTOCK,44.28,45.2,-0.92,2,True,83666,OPEN,0,0.0,2.61,-0.3,193705.05,238203.71,0,True,2.99,-3.91
ld19,2018,ERIN FRASIER,JIM WALSH,49.52,47.91,1.61,1,True,56019,D-INC,3.5,-2.0,0.0,0.55,388890.67,265921.76,1,True,1.29,0.32
ld19,2020,MARIANNA EVERSON,JIM WALSH,40.62,47.91,-7.29,1,True,72940,D-INC,3.5,0.0,-1.44,-1.46,69062.74,190074.2,0,True,0.03,-7.32
ld19,2022,KELLI HUGHES-HAM,JIM WALSH,37.8,44.19,-6.39,2,True,63890,R-INC,-4.0,-2.0,-3.0,-2.84,19086.84,136413.17,1,True,-4.09,-2.3
ld19,2024,MIKE COVERDALE,JIM WALSH,39.94,41.24,-1.3,2,True,79374,R-INC,-4.0,-2.0,-3.0,-0.44,58943.93,79862.79,0,True,-2.88,1.58
ld20,2018,JOHN THOMPSON,RICHARD DEBOLT,37.98,32.42,5.56,1,True,61381,OPEN,0,0.0,0.0,-2.61,16071.91,97973.74,1,True,-0.13,5.69
ld20,2020,TIMOTHY ZAHN,PETER ABBARNO,29.16,32.42,-3.26,1,True,82563,R-INC,-4.0,2.0,0.0,,5724.05,,0,False,2.31,-5.57
ld21,2018,STROM PETERSON,AMY SCHAPER,65.76,64.08,1.68,1,True,59316,D-INC,3.5,2.0,0.0,,85155.05,,1,False,3.73,-2.05
ld21,2020,STROM H. PETERSON,BRIAN THOMPSON,64.63,64.08,0.55,1,True,78594,D-INC,3.5,0.0,1.42,,127441.48,,0,False,3.96,-3.41
ld21,2022,STROM PETERSON,AMY SCHAPER,67.43,64.8,2.63,2,True,57129,D-INC,3.5,2.0,0.27,,84465.09,,1,False,3.93,-1.3
ld21,2024,STROM PETERSON,RIAZ KHAN,66.85,66.43,0.42,2,True,69861,D-INC,3.5,-3.0,0.26,,111680.26,,0,False,1.84,-1.42
ld22,2020,LAURIE DOLAN,J. D. INGRAM,66.6,65.52,1.08,1,True,90034,D-INC,3.5,2.0,0.0,,65068.04,,0,False,3.73,-2.65
ld22,2022,BETH DOGLIO,LORETTA BYRNES,65.91,64.71,1.2,2,True,67872,OPEN,0,3.0,-0.43,2.13,160271.21,36506.92,1,True,3.19,-1.99
ld23,2020,TARRA SIMMONS,APRIL FERGUSON,61.97,59.14,2.83,1,True,85774,D-INC,3.5,2.0,0.0,4.66,293355.58,11586.08,0,True,5.04,-2.21
ld23,2022,TARRA SIMMONS,JANELL HULST,63.86,60.84,3.02,2,True,70811,OPEN,0,2.0,1.38,3.17,237546.71,26368.7,1,True,4.65,-1.63
ld23,2024,TARRA SIMMONS,KURT ROBERTSON,63.05,62.14,0.91,2,True,85537,D-INC,3.5,0.0,0.93,4.95,155791.5,5040.19,0,True,5.05,-4.14
ld24,2018,MIKE CHAPMAN,JODI WILKE,58.01,55.09,2.92,1,True,74932,D-INC,3.5,2.0,0.0,1.57,130705.43,43980.88,1,True,3.48,-0.56
ld24,2020,MIKE CHAPMAN,SUE FORDE,54.21,55.09,-0.88,1,True,92172,D-INC,3.5,2.0,-2.01,1.66,175491.56,55578.06,0,True,2.02,-2.9
ld24,2022,MIKE CHAPMAN,SUE FORDE,56.61,52.91,3.7,2,True,81295,D-INC,3.5,2.0,-1.45,0.68,191606.84,119204.85,1,True,1.94,1.76
ld24,2024,ADAM BERNBAUM,MATTHEW (MATT) ROBERSON,55.03,52.57,2.46,2,True,94455,D-INC,3.5,0.0,1.0,,220712.35,,0,False,3.64,-1.18
ld25,2018,JAMIE SMITH,KELLY CHAMBERS,49.44,45.34,4.1,1,True,53922,OPEN,0,0.0,0.0,-1.5,72161.44,203732.17,1,True,0.43,3.67
ld25,2020,JAMIE SMITH,KELLY CHAMBERS,46.54,45.34,1.2,1,True,76797,R-INC,-4.0,-2.0,3.0,0.69,304128.44,188219.12,0,True,2.18,-0.98
ld25,2022,JAMIE SMITH,KELLY CHAMBERS,44.29,46.64,-2.35,2,True,56271,OPEN,0,2.0,-1.21,-4.85,5680.12,164351.8,1,True,-1.34,-1.01
ld25,2024,CAMERON SEVERNS,MICHAEL KEATON,44.06,48.92,-4.86,2,True,72237,R-INC,-4.0,-2.0,-1.73,1.19,204669.67,89567.94,0,True,-1.11,-3.75
ld26,2018,CONNIE FITZPATRICK,JESSE L. YOUNG,48.13,48.91,-0.78,1,True,69633,R-INC,-4.0,-2.0,0.0,-0.05,190066.47,196350.08,1,True,-0.44,-0.34
ld26,2020,CARRIE HESCH,JESSE L. YOUNG,47.17,48.91,-1.74,1,True,89284,R-INC,-4.0,0.0,0.0,0.57,354586.68,238771.12,0,True,0.71,-2.45
ld26,2022,ADISON RICHARDS,SPENCER HUTCHINS,49.51,47.06,2.45,2,True,74885,R-INC,-4.0,0.0,-0.79,0.16,389804.27,349599.22,1,True,-0.09,2.54
ld26,2024,ADISON RICHARDS,JESSE L. YOUNG,51.83,49.85,1.98,2,True,89519,R-INC,-4.0,2.0,0.96,1.02,606697.95,299793.43,0,True,2.49,-0.51
ld27,2018,LAURIE JINKINS,KYLE PASKEWITZ,71.23,69.29,1.94,1,True,56306,D-INC,3.5,0.0,0.0,4.93,127082.2,4176.87,1,True,4.34,-2.4
ld27,2020,JEANNIE DARNEILLE,KYLE PASKEWITZ,69.7,69.29,0.41,1,True,75206,D-INC,3.5,-2.0,0.98,5.22,80395.95,2149.97,0,True,4.38,-3.97
ld27,2022,LAURIE JINKINS,JALONNIE GIVENS JACKSON,71.63,69.1,2.53,2,True,58010,D-INC,3.5,2.0,-0.76,,347741.95,,1,False,3.16,-0.63
ld27,2024,LAURIE JINKINS,KEN PAULSON,71.78,70.13,1.65,2,True,71929,D-INC,3.5,0.0,0.69,,475736.77,,0,False,3.41,-1.76
ld28,2018,MARI LEAVITT,RICHARD (DICK) MURI,52.82,53.34,-0.52,1,True,52358,D-INC,3.5,0.0,0.0,1.27,378470.53,156451.13,1,True,2.49,-3.01
ld28,2020,MARI LEAVITT,KEVIN BALLARD,57.3,53.34,3.96,1,True,69758,OPEN,0,0.0,2.61,2.34,271106.4,53605.43,0,True,4.32,-0.36
ld28,2022,MARI LEAVITT,GABE SACHWITZ,58.21,54.58,3.63,2,True,46014,D-INC,3.5,3.0,-0.39,0.59,277155.56,183998.39,1,True,3.11,0.52
ld28,2024,MARI LEAVITT,GABE SACHWITZ,58.52,57.02,1.5,2,True,59169,D-INC,3.5,2.0,1.29,3.49,290771.47,25940.14,0,True,5.41,-3.91
ld29,2018,MELANIE MORGAN,TERRY HARDER,61.12,59.02,2.1,1,True,36849,D-INC,3.5,-2.0,0.0,6.24,133699.65,1774.25,1,True,4.16,-2.06
ld29,2020,MELANIE MORGAN,KOSHIN MOHAMED FIDAAR,63.85,59.02,4.83,1,True,57379,D-INC,3.5,2.0,0.19,,92488.4,,0,False,3.87,0.96
ld29,2022,MELANIE MORGAN,BRETT JOHNSON,56.99,58.96,-1.97,2,True,38188,D-INC,3.5,0.0,0.18,0.05,91549.6,88580.0,1,True,2.01,-3.98
ld30,2018,MIKE PELLICCIOTTI,LINDA KOCHMAR,53.13,47.78,5.35,1,True,1854,OPEN,0,-3.0,0.0,2.56,156362.66,26467.13,1,True,1.22,4.13
ld30,2020,JESSE JOHNSON,JACK WALSH,60.33,47.78,12.55,1,True,62889,OPEN,0,0.0,2.06,,169342.38,,0,False,3.77,8.78
ld30,2022,JAMILA E. TAYLOR,CASEY JONES,55.4,51.74,3.66,2,True,42155,OPEN,0,0.0,3.0,,334646.53,,1,False,4.48,-0.82
ld30,2024,JAMILA E. TAYLOR,MELISSA HAMILTON,56.22,49.69,6.53,2,True,54647,D-INC,3.5,0.0,-2.24,3.06,201096.21,24190.01,0,True,1.72,4.81
ld31,2018,VICTORIA MENA,DREW STOKESBARY,40.3,42.99,-2.69,1,True,43924,R-INC,-4.0,-2.0,0.0,,46862.01,,1,False,0.63,-3.32
ld31,2020,KATIE YOUNG,DREW STOKESBARY,36.48,42.99,-6.51,1,True,85823,OPEN,0,0.0,-2.83,-4.66,12302.36,311821.85,0,True,-3.29,-3.22
ld31,2022,HOLLY STANTON,DREW STOKESBARY,39.9,39.64,0.26,2,True,64971,R-INC,-4.0,2.0,-1.7,-5.1,8647.75,296304.61,1,True,-2.59,2.85
ld31,2024,SARA SUTTERFIELD,DREW STOKESBARY,36.31,41.02,-4.71,2,True,81088,OPEN,0,-2.0,1.07,,,408795.1,0,False,2.2,-6.91
ld32,2018,CINDY RYU,DIODATO (DIO) BOUCSIEGUEZ,69.73,68.8,0.93,1,True,28313,D-INC,3.5,2.0,0.0,,85358.13,,1,False,3.73,-2.8
ld32,2022,LAUREN DAVIS,ANTHONY HUBBARD,79.51,68.58,10.93,2,True,63312,D-INC,3.5,-2.0,0.31,,72704.92,,1,False,2.29,8.64
ld32,2024,CINDY RYU,LISA REZAC,74.29,69.58,4.71,2,True,78105,D-INC,3.5,2.0,2.62,3.71,164816.76,12584.57,0,True,6.52,-1.81
ld33,2022,KAREN KEISER,MARLIZA MELZER,69.22,48.65,20.57,0,False,43818,D-INC,3.5,2.0,0.0,5.14,274855.16,7779.95,1,,,
ld33,2024,TINA L. ORWALL,GEORGE RICHTER,69.06,50.0,19.06,0,False,56321,D-INC,3.5,2.0,0.0,,141397.96,,0,,,
ld34,2022,JOE NGUYEN,JOHN POTTER,86.19,48.65,37.54,0,False,69283,OPEN,0,0.0,0.0,,168131.35,,1,,,
ld34,2024,EMILY ALVARADO,KIMBERLY M. CLOUD,85.03,50.0,35.03,0,False,82580,OPEN,0,2.0,0.0,,72342.66,,0,,,
ld35,2018,JAMES THOMAS,DAN GRIFFEY,42.27,47.62,-5.35,1,True,65077,R-INC,-4.0,-3.0,0.0,-3.55,8749.18,102635.85,1,True,-2.62,-2.73
ld35,2020,COLTON MYERS,DAN GRIFFEY,41.6,47.62,-6.02,1,True,84445,R-INC,-4.0,-2.0,0.0,-0.59,63527.12,95893.14,0,True,-0.71,-5.31
ld35,2022,JAMES DEHART,DANIEL GRIFFEY,40.94,44.7,-3.76,2,True,74397,R-INC,-4.0,-2.0,-1.49,-2.42,26803.24,143183.74,1,True,-2.75,-1.01
ld35,2024,JAMES DEHART,TRAVIS COUTURE,41.35,47.77,-6.42,2,True,88333,R-INC,-4.0,-2.0,0.67,-1.98,32307.2,127206.19,0,True,-0.91,-5.51
ld36,2024,LIZ BERRY,VICTORIA PALMER,88.89,50.0,38.89,0,False,92478,D-INC,3.5,2.0,0.0,4.27,170546.71,8826.4,0,,,
ld37,2022,SHARON TOMIKO SANTOS,JOHN DICKINSON,91.36,48.65,42.71,0,False,59200,D-INC,3.5,2.0,0.0,,102586.12,,1,,,
ld38,2020,EMILY WICKS,BERT JOHNSON,58.96,57.44,1.52,1,True,67381,D-INC,3.5,-2.0,0.0,3.82,121202.4,8562.64,0,True,2.94,-1.42
ld38,2022,JULIO CORTES,GARY KEMP,58.56,57.23,1.33,2,True,51579,OPEN,0,-2.0,0.0,1.3,122747.53,49741.53,1,True,1.0,0.33
ld38,2024,MARY FOSSE,MARNIE CLAYWELL,59.56,58.05,1.51,2,True,65836,D-INC,3.5,0.0,-0.49,2.82,110462.98,15611.78,0,True,2.91,-1.4
ld39,2018,IVAN LEWIS,ROBERT J. SUTHERLAND,43.4,40.75,2.65,1,True,58580,OPEN,0,0.0,0.0,1.05,47320.3,22862.66,1,True,1.71,0.94
ld39,2020,CLAUS JOENS,ROBERT J. SUTHERLAND,39.91,40.75,-0.84,1,True,81065,R-INC,-4.0,0.0,1.74,0.04,26533.62,25816.05,0,True,1.75,-2.59
ld39,2022,JESSICA WADHAMS,CAROLYN ESLICK,40.29,40.35,-0.06,2,True,64146,OPEN,0,0.0,-1.85,-1.69,29423.17,95016.31,1,True,-1.06,1.0
ld39,2024,JOHN SNOW,KEITH L. WAGONER,39.39,40.66,-1.27,2,True,81670,R-INC,-4.0,0.0,0.95,-2.89,14469.3,107285.0,0,True,-0.32,-0.95
ld40,2018,DEBRA LEKANOFF,MICHAEL PETRISH,67.11,66.71,0.4,1,True,70409,OPEN,0,0.0,0.0,1.63,171587.29,55612.91,1,True,2.01,-1.61
ld40,2020,ELIZABETH (LIZ) LOVELETT,CHARLES CARRELL,69.56,66.71,2.85,1,True,87509,D-INC,3.5,0.0,3.0,,,,0,False,5.14,-2.29
ld40,2022,DEBRA LEKANOFF,SHANNON PERKES,69.39,67.02,2.37,2,True,75508,D-INC,3.5,2.0,-1.26,6.47,133425.83,1500.0,1,True,5.01,-2.64
ld40,2024,ELIZABETH (LIZ) LOVELETT,CHARLES CARRELL,69.66,67.52,2.14,2,True,88944,D-INC,3.5,-2.0,0.24,,,,0,False,2.24,-0.1
ld41,2020,MY-LINH THAI,AL ROSENTHAL,66.66,50.0,16.66,0,False,83417,NONE,0,0.0,0.0,,95978.78,,0,,,
ld41,2022,MY-LINH T. THAI,AL ROSENTHAL,68.49,48.65,19.84,0,False,63528,D-INC,3.5,2.0,0.0,4.67,126131.9,4947.18,1,,,
ld41,2024,TANA SENN,EMILY TADLOCK,67.65,50.0,17.65,0,False,75128,D-INC,3.5,2.0,0.0,3.63,123646.44,9998.59,0,,,
ld42,2018,JUSTIN BONEAU,LUANNE VAN WERVEN,49.94,47.43,2.51,1,True,72404,R-INC,-4.0,0.0,0.0,,52031.94,,1,False,1.47,1.04
ld42,2020,ALICIA RULE,LUANNE VAN WERVEN,51.17,47.43,3.74,1,True,92364,D-INC,3.5,0.0,3.0,,361319.21,,0,False,5.14,-1.4
ld42,2022,ALICIA RULE,TAWSHA (DYKSTRA) THOMPSON,51.77,49.84,1.93,2,True,75091,D-INC,3.5,2.0,0.63,0.61,572721.59,374735.75,1,True,3.46,-1.53
ld42,2024,ALICIA RULE,RAYMOND PELLETTI,55.4,51.76,3.64,2,True,89892,D-INC,3.5,2.0,-0.11,4.53,478839.92,20707.28,0,True,4.89,-1.25
ld43,2020,NICOLE MACRI,LESLIE KLEIN,90.99,50.0,40.99,0,False,94961,NONE,0,0.0,0.0,,186151.82,,0,,,
ld44,2018,JOHN LOVICK,JEFF SAX,57.04,51.92,5.12,1,True,66477,R-INC,-4.0,0.0,0.0,3.02,302015.68,37342.99,1,True,1.95,3.17
ld44,2020,JOHN LOVICK,JOHN T. KARTAK,57.2,51.92,5.28,1,True,88691,D-INC,3.5,0.0,3.0,2.88,180812.62,24547.36,0,True,5.55,-0.27
ld44,2022,BRANDY DONAGHY,MARK HARMSWORTH,53.31,53.52,-0.21,2,True,62404,D-INC,3.5,0.0,-0.31,-0.11,246686.01,265890.52,1,True,1.56,-1.77
ld44,2024,APRIL BERG,SAM SIM,57.64,55.35,2.29,2,True,74869,OPEN,0,0.0,0.86,3.67,287314.54,22519.07,0,True,3.68,-1.39
ld45,2020,ROGER GOODMAN,JOHN P. GIBBONS,71.68,50.0,21.68,0,False,83964,NONE,0,0.0,0.0,,128652.62,,0,,,
ld45,2022,ROGER GOODMAN,CHERESE BOURGOIN,69.61,48.65,20.96,0,False,65707,D-INC,3.5,2.0,0.0,2.99,111505.87,14061.4,1,,,
ld46,2020,GERRY POLLET,ERIC J. BROWN,83.89,50.0,33.89,0,False,91267,NONE,0,0.0,0.0,3.43,53478.95,4946.94,0,,,
ld46,2024,GERRY POLLET,BETH DARANCIANG,87.54,50.0,37.54,0,False,83080,OPEN,0,2.0,0.0,3.56,96515.79,8196.98,0,,,
ld47,2020,DEBRA ENTENMAN,KYLE LYEBYEDYEV,58.65,50.0,8.65,0,False,71866,NONE,0,2.0,0.0,1.79,98959.06,28562.0,0,,,
ld47,2022,DEBRA JEAN ENTENMAN,KYLE LYEBYEDYEV,57.2,48.65,8.55,0,False,49624,OPEN,0,2.0,0.0,0.02,107767.72,106153.17,1,,,
ld47,2024,DEBRA JEAN ENTENMAN,KYLE LYEBYEDYEV,56.36,50.0,6.36,0,False,63041,D-INC,3.5,2.0,-1.9,3.62,77402.81,6287.9,0,,,
ld48,2020,VANDANA SLATTER,VICTOR H. BISHOP,71.31,50.0,21.31,0,False,69310,NONE,0,0.0,0.0,2.68,123994.39,19361.23,0,,,
ld48,2022,PATTY KUDERER,MICHELLE DARNELL,70.65,48.65,22.0,0,False,47003,D-INC,3.5,2.0,0.0,,224589.02,,1,,,
ld48,2024,VANDANA SLATTER,LYNN TRINH,68.38,50.0,18.38,0,False,57975,D-INC,3.5,2.0,-0.25,2.3,211350.98,42799.49,0,,,
ld49,2020,SHARON WYLIE,JUSTIN FORSMAN,63.08,59.13,3.95,1,True,72420,D-INC,3.5,0.0,0.0,,74238.07,,0,False,2.9,1.05
ld49,2022,SHARON WYLIE,PARK LLAFET,62.07,59.27,2.8,2,True,51505,D-INC,3.5,0.0,0.15,1.99,95891.0,24093.36,1,True,2.97,-0.17
ld49,2024,SHARON WYLIE,BRETT GRAHAM,63.6,58.61,4.99,2,True,67975,D-INC,3.5,2.0,-0.66,7.26,92252.04,601.91,0,True,5.86,-0.87
