advocacy_scope,specification,cycle,district_id,race_name,is_senate,pro_dem_usd,pro_rep_usd,net_pro_dem_musd,total_directional_musd,residual_pp,actual_margin
all,district_aggregate,2018,ld01,LEGISLATIVE DISTRICT 1 - STATE REPRESENTATIVE POS. 1,0,1749.66,0.0,0.00175,0.00175,-2.12,36.0
all,district_aggregate,2018,ld02,LEGISLATIVE DISTRICT 2 - STATE REPRESENTATIVE POS. 1,0,395.91,0.0,0.000396,0.000396,-2.26,-18.34
all,district_aggregate,2018,ld03,LEGISLATIVE DISTRICT 3 - STATE REPRESENTATIVE POS. 1,0,11485.74,377.52,0.011108,0.011863,-0.1,28.31
all,district_aggregate,2018,ld04,LEGISLATIVE DISTRICT 4 - STATE REPRESENTATIVE POS. 1,0,940.81,0.0,0.000941,0.000941,0.87,-15.48
all,district_aggregate,2018,ld06,LEGISLATIVE DISTRICT 6 - STATE REPRESENTATIVE POS. 1,0,99257.5,71333.77,0.027924,0.170591,-0.97,-6.91
all,district_aggregate,2018,ld07,LEGISLATIVE DISTRICT 7 - STATE REPRESENTATIVE POS. 1,0,1996.6,729.21,0.001267,0.002726,-4.81,-36.76
all,district_aggregate,2018,ld08,LEGISLATIVE DISTRICT 8 - STATE REPRESENTATIVE POS. 1,0,593.88,0.0,0.000594,0.000594,-7.12,-30.56
all,district_aggregate,2018,ld09,LEGISLATIVE DISTRICT 9 - STATE REPRESENTATIVE POS. 1,0,1336.73,10044.0,-0.008707,0.011381,-5.07,-28.16
all,district_aggregate,2018,ld10,LEGISLATIVE DISTRICT 10 - STATE REPRESENTATIVE POS. 1,0,170873.88,66928.56,0.103945,0.237802,0.38,-4.32
all,district_aggregate,2018,ld12,LEGISLATIVE DISTRICT 12 - STATE REPRESENTATIVE POS. 2,0,7282.42,486.12,0.006796,0.007769,-7.17,-27.6
all,district_aggregate,2018,ld13,LEGISLATIVE DISTRICT 13 - STATE REPRESENTATIVE POS. 1,0,103053.64,0.0,0.103054,0.103054,-8.27,-42.68
all,district_aggregate,2018,ld14,LEGISLATIVE DISTRICT 14 - STATE REPRESENTATIVE POS. 1,0,1336.73,0.0,0.001337,0.001337,-1.27,-17.49
all,district_aggregate,2018,ld15,LEGISLATIVE DISTRICT 15 - STATE REPRESENTATIVE POS. 1,0,1006.81,15000.0,-0.013993,0.016007,-4.84,-19.42
all,district_aggregate,2018,ld16,LEGISLATIVE DISTRICT 16 - STATE REPRESENTATIVE POS. 1,0,5836.73,5727.65,0.000109,0.011564,-4.18,-25.17
all,district_aggregate,2018,ld17,LEGISLATIVE DISTRICT 17 - STATE REPRESENTATIVE POS. 1,0,220247.37,26504.76,0.193743,0.246752,2.94,-1.3
all,district_aggregate,2018,ld18,LEGISLATIVE DISTRICT 18 - STATE REPRESENTATIVE POS. 1,0,10697.49,53446.96,-0.042749,0.064144,-0.12,-11.12
all,district_aggregate,2018,ld19,LEGISLATIVE DISTRICT 19 - STATE REPRESENTATIVE POS. 1,0,392796.74,186045.86,0.206751,0.578843,-7.96,-0.97
all,district_aggregate,2018,ld20,LEGISLATIVE DISTRICT 20 - STATE REPRESENTATIVE POS. 1,0,791.83,0.0,0.000792,0.000792,-0.58,-24.04
all,district_aggregate,2018,ld21,LEGISLATIVE DISTRICT 21 - STATE REPRESENTATIVE POS. 1,0,1630.11,0.0,0.00163,0.00163,-6.79,31.52
all,district_aggregate,2018,ld24,LEGISLATIVE DISTRICT 24 - STATE REPRESENTATIVE POS. 1,0,659.86,24152.75,-0.023493,0.024813,-9.1,16.01
all,district_aggregate,2018,ld25,LEGISLATIVE DISTRICT 25 - STATE REPRESENTATIVE POS. 1,0,112396.65,303856.49,-0.19146,0.416253,-1.34,-1.12
all,district_aggregate,2018,ld26,LEGISLATIVE DISTRICT 26 - STATE REPRESENTATIVE POS. 1,0,1010880.9,1344737.0,-0.333856,2.355618,-1.72,-3.74
all,district_aggregate,2018,ld27,LEGISLATIVE DISTRICT 27 - STATE REPRESENTATIVE POS. 1,0,804.2,0.0,0.000804,0.000804,-5.8,42.46
all,district_aggregate,2018,ld28,LEGISLATIVE DISTRICT 28 - STATE REPRESENTATIVE POS. 1,0,365189.53,19438.86,0.345751,0.384628,-6.8,5.64
all,district_aggregate,2018,ld29,LEGISLATIVE DISTRICT 29 - STATE REPRESENTATIVE POS. 1,0,9380.96,78178.29,-0.068797,0.087559,-8.11,22.23
all,district_aggregate,2018,ld30,LEGISLATIVE DISTRICT 30 - STATE REPRESENTATIVE POS. 1,0,749788.6,978566.34,-0.228778,1.728355,2.9,6.26
all,district_aggregate,2018,ld31,LEGISLATIVE DISTRICT 31 - STATE REPRESENTATIVE POS. 1,0,1768.65,0.0,0.001769,0.001769,-5.49,-19.39
all,district_aggregate,2018,ld32,LEGISLATIVE DISTRICT 32 - STATE REPRESENTATIVE POS. 1,0,103770.61,82057.67,0.021713,0.185828,-6.81,39.46
all,district_aggregate,2018,ld35,LEGISLATIVE DISTRICT 35 - STATE REPRESENTATIVE POS. 1,0,121503.97,37172.21,0.084332,0.158676,-5.75,-15.47
all,district_aggregate,2018,ld39,LEGISLATIVE DISTRICT 39 - STATE REPRESENTATIVE POS. 1,0,1600.66,28213.91,-0.026613,0.029815,-2.8,-13.21
all,district_aggregate,2018,ld40,LEGISLATIVE DISTRICT 40 - STATE REPRESENTATIVE POS. 1,0,24677.31,211.2,0.024466,0.024889,-3.54,34.23
all,district_aggregate,2018,ld42,LEGISLATIVE DISTRICT 42 - STATE REPRESENTATIVE POS. 1,0,887138.43,291539.98,0.595598,1.178678,-0.43,-0.11
all,district_aggregate,2018,ld44,LEGISLATIVE DISTRICT 44 - STATE REPRESENTATIVE POS. 1,0,172388.02,209536.86,-0.037149,0.381925,2.18,14.07
all,district_aggregate,2020,ld01,LEGISLATIVE DISTRICT 1 - STATE REPRESENTATIVE POS. 1,0,1108.5,0.0,0.001108,0.001108,0.28,32.96
all,district_aggregate,2020,ld02,LEGISLATIVE DISTRICT 2 - STATE REPRESENTATIVE POS. 2,0,436.51,0.0,0.000437,0.000437,-3.36,-31.41
all,district_aggregate,2020,ld03,LEGISLATIVE DISTRICT 3 - STATE REPRESENTATIVE POS. 1,0,1409.01,186.95,0.001222,0.001596,-1.49,21.15
all,district_aggregate,2020,ld04,LEGISLATIVE DISTRICT 4 - STATE REPRESENTATIVE POS. 1,0,22009.01,560.85,0.021448,0.02257,3.46,-20.79
all,district_aggregate,2020,ld06,LEGISLATIVE DISTRICT 6 - STATE REPRESENTATIVE POS. 1,0,939.34,18697.42,-0.017758,0.019637,-0.8,-3.95
all,district_aggregate,2020,ld07,LEGISLATIVE DISTRICT 7 - STATE REPRESENTATIVE POS. 1,0,593.3,373.9,0.000219,0.000967,-3.94,-43.9
all,district_aggregate,2020,ld09,LEGISLATIVE DISTRICT 9 - STATE SENATOR,1,41.47,1804.6,-0.001763,0.001846,-1.2,-31.37
all,district_aggregate,2020,ld10,LEGISLATIVE DISTRICT 10 - STATE REPRESENTATIVE POS. 1,0,1699310.85,1532750.37,0.16656,3.232061,-3.26,-0.98
all,district_aggregate,2020,ld12,LEGISLATIVE DISTRICT 12 - STATE REPRESENTATIVE POS. 1,0,462.48,2705.71,-0.002243,0.003168,3.16,-20.87
all,district_aggregate,2020,ld13,LEGISLATIVE DISTRICT 13 - STATE REPRESENTATIVE POS. 1,0,462.35,373.9,8.8e-05,0.000836,-2.83,-42.81
all,district_aggregate,2020,ld14,LEGISLATIVE DISTRICT 14 - STATE REPRESENTATIVE POS. 1,0,821.01,3074.79,-0.002254,0.003896,2.52,-19.32
all,district_aggregate,2020,ld15,"LEGISLATIVE DISTRICT 15 - REPRESENTATIVE, POSITION 2",0,369.62,0.0,0.00037,0.00037,2.63,-18.27
all,district_aggregate,2020,ld16,LEGISLATIVE DISTRICT 16 - STATE REPRESENTATIVE POS. 1,0,135559.55,102526.36,0.033033,0.238086,-0.28,-27.24
all,district_aggregate,2020,ld17,LEGISLATIVE DISTRICT 17 - STATE REPRESENTATIVE POS. 1,0,437997.66,32632.58,0.405365,0.47063,-0.12,-2.16
all,district_aggregate,2020,ld18,LEGISLATIVE DISTRICT 18 - STATE REPRESENTATIVE POS. 1,0,12378.83,180658.52,-0.16828,0.193037,-2.2,-22.51
all,district_aggregate,2020,ld19,LEGISLATIVE DISTRICT 19 - STATE REPRESENTATIVE POS. 1,0,812534.28,576826.21,0.235708,1.38936,-10.88,-18.77
all,district_aggregate,2020,ld20,LEGISLATIVE DISTRICT 20 - STATE REPRESENTATIVE POS. 1,0,563.54,1715.72,-0.001152,0.002279,-4.96,-41.67
all,district_aggregate,2020,ld21,LEGISLATIVE DISTRICT 21 - STATE REPRESENTATIVE POS. 1,0,4492.24,0.0,0.004492,0.004492,-0.41,29.25
all,district_aggregate,2020,ld22,LEGISLATIVE DISTRICT 22 - STATE REPRESENTATIVE POS. 1,0,957.43,0.0,0.000957,0.000957,-2.58,33.19
all,district_aggregate,2020,ld23,LEGISLATIVE DISTRICT 23 - STATE REPRESENTATIVE POS. 1,0,956.7,0.0,0.000957,0.000957,-2.89,23.94
all,district_aggregate,2020,ld24,LEGISLATIVE DISTRICT 24 - STATE REPRESENTATIVE POS. 1,0,56838.69,50198.22,0.00664,0.107037,-2.76,8.42
all,district_aggregate,2020,ld25,LEGISLATIVE DISTRICT 25 - STATE REPRESENTATIVE POS. 1,0,276814.9,390625.78,-0.113811,0.667441,0.65,-6.92
all,district_aggregate,2020,ld26,LEGISLATIVE DISTRICT 26 - STATE REPRESENTATIVE POS. 1,0,538759.81,105744.94,0.433015,0.644505,-1.22,-5.67
all,district_aggregate,2020,ld27,LEGISLATIVE DISTRICT 27 - STATE SENATOR,1,9223.27,0.0,0.009223,0.009223,-1.08,39.41
all,district_aggregate,2020,ld28,LEGISLATIVE DISTRICT 28 - STATE REPRESENTATIVE POS. 1,0,1195317.49,1270012.01,-0.074695,2.46533,0.63,14.6
all,district_aggregate,2020,ld29,LEGISLATIVE DISTRICT 29 - STATE REPRESENTATIVE POS. 1,0,107611.76,0.0,0.107612,0.107612,1.43,27.69
all,district_aggregate,2020,ld30,LEGISLATIVE DISTRICT 30 - STATE REPRESENTATIVE POS. 2,0,92962.63,0.0,0.092963,0.092963,5.54,20.66
all,district_aggregate,2020,ld31,LEGISLATIVE DISTRICT 31 - STATE REPRESENTATIVE POS. 1,0,923.78,0.0,0.000924,0.000924,-4.87,-27.05
all,district_aggregate,2020,ld35,LEGISLATIVE DISTRICT 35 - STATE REPRESENTATIVE POS. 1,0,836.34,0.0,0.000836,0.000836,-1.97,-16.8
all,district_aggregate,2020,ld38,LEGISLATIVE DISTRICT 38 - STATE REPRESENTATIVE POS. 1,0,909.6,0.0,0.00091,0.00091,-2.48,17.93
all,district_aggregate,2020,ld39,LEGISLATIVE DISTRICT 39 - STATE REPRESENTATIVE POS. 1,0,795.09,0.0,0.000795,0.000795,1.11,-20.19
all,district_aggregate,2020,ld40,LEGISLATIVE DISTRICT 40 - STATE SENATOR,1,1002.33,1337.46,-0.000335,0.00234,1.97,39.12
all,district_aggregate,2020,ld42,LEGISLATIVE DISTRICT 42 - STATE REPRESENTATIVE POS. 1,0,826496.08,309848.69,0.516647,1.136345,0.57,2.33
all,district_aggregate,2020,ld44,LEGISLATIVE DISTRICT 44 - STATE REPRESENTATIVE POS. 1,0,286470.69,139700.32,0.14677,0.426171,-0.69,14.39
all,district_aggregate,2020,ld49,LEGISLATIVE DISTRICT 49 - STATE REPRESENTATIVE POS. 1,0,28391.69,0.0,0.028392,0.028392,-1.77,26.16
all,district_aggregate,2022,ld01,LEGISLATIVE DISTRICT 1 - STATE REPRESENTATIVE POS. 1,0,248.9,0.0,0.000249,0.000249,5.29,41.76
all,district_aggregate,2022,ld03,LEGISLATIVE DISTRICT 3 - STATE REPRESENTATIVE POS. 1,0,11723.26,352.06,0.011371,0.012075,5.28,24.92
all,district_aggregate,2022,ld04,LEGISLATIVE DISTRICT 4 - STATE REPRESENTATIVE POS. 1,0,858.68,26589.85,-0.025731,0.027449,0.47,-26.86
all,district_aggregate,2022,ld06,LEGISLATIVE DISTRICT 6 - STATE REPRESENTATIVE POS. 2,0,57.9,0.0,5.8e-05,5.8e-05,-3.41,-23.47
all,district_aggregate,2022,ld10,LEGISLATIVE DISTRICT 10 - STATE REPRESENTATIVE POS. 1,0,945663.77,733922.6,0.211741,1.679586,0.64,0.22
all,district_aggregate,2022,ld15,LEGISLATIVE DISTRICT 15 - STATE SENATOR,1,73.51,0.0,7.4e-05,7.4e-05,-6.05,-35.33
all,district_aggregate,2022,ld16,LEGISLATIVE DISTRICT 16 - STATE REPRESENTATIVE POS. 1,0,1105.89,0.0,0.001106,0.001106,-4.62,-37.91
all,district_aggregate,2022,ld17,LEGISLATIVE DISTRICT 17 - STATE REPRESENTATIVE POS. 1,0,320.72,38634.36,-0.038314,0.038955,4.88,-6.46
all,district_aggregate,2022,ld18,LEGISLATIVE DISTRICT 18 - STATE REPRESENTATIVE POS. 1,0,97714.18,150908.34,-0.053194,0.248623,6.86,-4.9
all,district_aggregate,2022,ld19,LEGISLATIVE DISTRICT 19 - STATE REPRESENTATIVE POS. 1,0,625.85,0.0,0.000626,0.000626,-2.14,-24.4
all,district_aggregate,2022,ld21,LEGISLATIVE DISTRICT 21 - STATE REPRESENTATIVE POS. 1,0,418.17,129244.9,-0.128827,0.129663,0.86,34.86
all,district_aggregate,2022,ld22,LEGISLATIVE DISTRICT 22 - STATE REPRESENTATIVE POS. 1,0,25336.33,0.0,0.025336,0.025336,-0.16,31.82
all,district_aggregate,2022,ld23,LEGISLATIVE DISTRICT 23 - STATE REPRESENTATIVE POS. 1,0,204.92,0.0,0.000205,0.000205,-5.17,27.73
all,district_aggregate,2022,ld24,LEGISLATIVE DISTRICT 24 - STATE REPRESENTATIVE POS. 1,0,35126.32,38507.23,-0.003381,0.073634,3.83,13.22
all,district_aggregate,2022,ld25,LEGISLATIVE DISTRICT 25 - STATE REPRESENTATIVE POS. 1,0,189.31,0.0,0.000189,0.000189,-1.17,-11.43
all,district_aggregate,2022,ld26,LEGISLATIVE DISTRICT 26 - STATE REPRESENTATIVE POS. 1,0,1655769.38,1682282.13,-0.026513,3.338052,6.72,-0.99
all,district_aggregate,2022,ld27,LEGISLATIVE DISTRICT 27 - STATE REPRESENTATIVE POS. 1,0,10329.68,0.0,0.01033,0.01033,1.18,43.26
all,district_aggregate,2022,ld28,LEGISLATIVE DISTRICT 28 - STATE REPRESENTATIVE POS. 1,0,76776.59,262454.98,-0.185678,0.339232,2.68,16.42
all,district_aggregate,2022,ld29,LEGISLATIVE DISTRICT 29 - STATE REPRESENTATIVE POS. 1,0,15650.51,9414.74,0.006236,0.025065,-5.28,13.98
all,district_aggregate,2022,ld30,LEGISLATIVE DISTRICT 30 - STATE REPRESENTATIVE POS. 1,0,366049.42,350288.8,0.015761,0.716338,-1.3,10.81
all,district_aggregate,2022,ld31,LEGISLATIVE DISTRICT 31 - STATE REPRESENTATIVE POS. 1,0,10536.55,16.38,0.01052,0.010553,1.74,-20.2
all,district_aggregate,2022,ld32,LEGISLATIVE DISTRICT 32 - STATE REPRESENTATIVE POS. 2,0,497.81,0.0,0.000498,0.000498,9.96,59.01
all,district_aggregate,2022,ld35,LEGISLATIVE DISTRICT 35 - STATE REPRESENTATIVE POS. 1,0,481.08,55130.1,-0.054649,0.055611,0.1,-18.12
all,district_aggregate,2022,ld38,LEGISLATIVE DISTRICT 38 - STATE REPRESENTATIVE POS. 1,0,104908.09,213705.35,-0.108797,0.318613,1.76,17.13
all,district_aggregate,2022,ld39,LEGISLATIVE DISTRICT 39 - STATE REPRESENTATIVE POS. 2,0,54211.44,104280.67,-0.050069,0.158492,1.86,-19.43
all,district_aggregate,2022,ld40,LEGISLATIVE DISTRICT 40 - STATE REPRESENTATIVE POS. 1,0,148719.45,6587.83,0.142132,0.155307,1.55,38.78
all,district_aggregate,2022,ld42,LEGISLATIVE DISTRICT 42 - STATE REPRESENTATIVE POS. 1,0,1783842.51,1006717.13,0.777125,2.79056,-1.61,3.53
all,district_aggregate,2022,ld44,LEGISLATIVE DISTRICT 44 - STATE REPRESENTATIVE POS. 1,0,125334.69,502277.03,-0.376942,0.627612,-6.16,6.63
all,district_aggregate,2022,ld49,LEGISLATIVE DISTRICT 49 - STATE REPRESENTATIVE POS. 1,0,4113.46,0.0,0.004113,0.004113,-0.97,24.13
all,district_aggregate,2024,ld01,LEGISLATIVE DISTRICT 1 - STATE REPRESENTATIVE POS. 1,0,305.96,0.0,0.000306,0.000306,3.95,38.55
all,district_aggregate,2024,ld02,LEGISLATIVE DISTRICT 2 - STATE SENATOR,1,11770.38,127834.88,-0.116065,0.139605,1.8,-26.23
all,district_aggregate,2024,ld03,LEGISLATIVE DISTRICT 3 - STATE REPRESENTATIVE POS. 1,0,20473.32,0.0,0.020473,0.020473,-0.96,17.58
all,district_aggregate,2024,ld04,LEGISLATIVE DISTRICT 4 - STATE SENATOR,1,1713.22,1478.74,0.000234,0.003192,1.99,-28.8
all,district_aggregate,2024,ld06,LEGISLATIVE DISTRICT 6 - STATE REPRESENTATIVE POS. 1,0,1713.22,457.95,0.001255,0.002171,-3.39,-24.73
all,district_aggregate,2024,ld07,LEGISLATIVE DISTRICT 7 - STATE REPRESENTATIVE POS. 2,0,954.35,2311.0,-0.001357,0.003265,2.05,-41.64
all,district_aggregate,2024,ld08,LEGISLATIVE DISTRICT 8 - STATE REPRESENTATIVE POS. 2,0,300.97,3546.21,-0.003245,0.003847,-3.78,-41.02
all,district_aggregate,2024,ld09,LEGISLATIVE DISTRICT 9 - STATE REPRESENTATIVE POS. 1,0,1713.22,603.26,0.00111,0.002316,1.43,-29.86
all,district_aggregate,2024,ld10,LEGISLATIVE DISTRICT 10 - STATE REPRESENTATIVE POS. 1,0,1320825.18,1444124.9,-0.1233,2.76495,0.72,6.54
all,district_aggregate,2024,ld12,LEGISLATIVE DISTRICT 12 - STATE REPRESENTATIVE POS. 1,0,1908.7,1293.94,0.000615,0.003203,10.32,-6.62
all,district_aggregate,2024,ld14,LEGISLATIVE DISTRICT 14 - STATE REPRESENTATIVE POS. 1,0,1010394.48,422723.83,0.587671,1.433118,9.67,-8.28
all,district_aggregate,2024,ld16,LEGISLATIVE DISTRICT 16 - STATE REPRESENTATIVE POS. 1,0,2765.31,241.11,0.002524,0.003006,1.27,-29.01
all,district_aggregate,2024,ld17,LEGISLATIVE DISTRICT 17 - STATE SENATOR,1,747938.65,1022541.57,-0.274603,1.77048,3.91,-2.34
all,district_aggregate,2024,ld18,LEGISLATIVE DISTRICT 18 - STATE REPRESENTATIVE POS. 1,0,921092.75,1322378.31,-0.401286,2.243471,-1.51,-11.43
all,district_aggregate,2024,ld19,LEGISLATIVE DISTRICT 19 - STATE REPRESENTATIVE POS. 1,0,849.96,460.85,0.000389,0.001311,2.31,-20.12
all,district_aggregate,2024,ld21,LEGISLATIVE DISTRICT 21 - STATE REPRESENTATIVE POS. 1,0,3890.8,0.0,0.003891,0.003891,-0.34,33.71
all,district_aggregate,2024,ld23,LEGISLATIVE DISTRICT 23 - STATE REPRESENTATIVE POS. 1,0,110276.08,41187.53,0.069089,0.151464,0.64,26.09
all,district_aggregate,2024,ld24,LEGISLATIVE DISTRICT 24 - STATE REPRESENTATIVE POS. 1,0,264084.14,1663.86,0.26242,0.265748,-3.04,10.07
all,district_aggregate,2024,ld25,LEGISLATIVE DISTRICT 25 - STATE REPRESENTATIVE POS. 1,0,361.2,4113.39,-0.003752,0.004475,3.13,-11.88
all,district_aggregate,2024,ld26,LEGISLATIVE DISTRICT 26 - STATE REPRESENTATIVE POS. 1,0,646026.73,258613.77,0.387413,0.90464,3.73,3.66
all,district_aggregate,2024,ld27,LEGISLATIVE DISTRICT 27 - STATE REPRESENTATIVE POS. 1,0,33758.22,0.0,0.033758,0.033758,1.07,43.55
all,district_aggregate,2024,ld28,LEGISLATIVE DISTRICT 28 - STATE REPRESENTATIVE POS. 1,0,80834.88,56021.12,0.024814,0.136856,-0.08,17.04
all,district_aggregate,2024,ld30,LEGISLATIVE DISTRICT 30 - STATE REPRESENTATIVE POS. 1,0,240.8,0.0,0.000241,0.000241,0.89,12.44
all,district_aggregate,2024,ld31,LEGISLATIVE DISTRICT 31 - STATE REPRESENTATIVE POS. 1,0,240.8,32548.06,-0.032307,0.032789,-1.8,-27.38
all,district_aggregate,2024,ld32,LEGISLATIVE DISTRICT 32 - STATE REPRESENTATIVE POS. 1,0,240.8,0.0,0.000241,0.000241,3.91,48.57
all,district_aggregate,2024,ld35,LEGISLATIVE DISTRICT 35 - STATE REPRESENTATIVE POS. 2,0,120.4,1827.76,-0.001707,0.001948,0.64,-17.31
all,district_aggregate,2024,ld38,LEGISLATIVE DISTRICT 38 - STATE REPRESENTATIVE POS. 2,0,240.8,0.0,0.000241,0.000241,-0.34,19.11
all,district_aggregate,2024,ld39,LEGISLATIVE DISTRICT 39 - STATE SENATOR,1,120.4,113559.79,-0.113439,0.11368,2.31,-21.22
all,district_aggregate,2024,ld40,LEGISLATIVE DISTRICT 40 - STATE SENATOR,1,1713.22,0.0,0.001713,0.001713,1.34,39.33
all,district_aggregate,2024,ld42,LEGISLATIVE DISTRICT 42 - STATE REPRESENTATIVE POS. 1,0,248659.42,235150.41,0.013509,0.48381,3.61,10.8
all,district_aggregate,2024,ld44,LEGISLATIVE DISTRICT 44 - STATE REPRESENTATIVE POS. 2,0,240.8,0.0,0.000241,0.000241,-0.08,15.28
all,district_aggregate,2024,ld49,LEGISLATIVE DISTRICT 49 - STATE REPRESENTATIVE POS. 1,0,361.2,0.0,0.000361,0.000361,1.95,27.21
all,race_matched,2018,ld01,LEGISLATIVE DISTRICT 1 - STATE REPRESENTATIVE POS. 1,0,874.83,0.0,0.000875,0.000875,-2.12,36.0
all,race_matched,2018,ld02,LEGISLATIVE DISTRICT 2 - STATE REPRESENTATIVE POS. 1,0,395.91,0.0,0.000396,0.000396,-2.26,-18.34
all,race_matched,2018,ld03,LEGISLATIVE DISTRICT 3 - STATE REPRESENTATIVE POS. 1,0,676.87,0.0,0.000677,0.000677,-0.1,28.31
all,race_matched,2018,ld04,LEGISLATIVE DISTRICT 4 - STATE REPRESENTATIVE POS. 1,0,676.87,0.0,0.000677,0.000677,0.87,-15.48
all,race_matched,2018,ld06,LEGISLATIVE DISTRICT 6 - STATE REPRESENTATIVE POS. 1,0,6028.04,0.0,0.006028,0.006028,-0.97,-6.91
all,race_matched,2018,ld07,LEGISLATIVE DISTRICT 7 - STATE REPRESENTATIVE POS. 1,0,527.89,243.06,0.000285,0.000771,-4.81,-36.76
all,race_matched,2018,ld08,LEGISLATIVE DISTRICT 8 - STATE REPRESENTATIVE POS. 1,0,197.96,0.0,0.000198,0.000198,-7.12,-30.56
all,race_matched,2018,ld09,LEGISLATIVE DISTRICT 9 - STATE REPRESENTATIVE POS. 1,0,874.83,0.0,0.000875,0.000875,-5.07,-28.16
all,race_matched,2018,ld10,LEGISLATIVE DISTRICT 10 - STATE REPRESENTATIVE POS. 1,0,742.86,28170.47,-0.027428,0.028913,0.38,-4.32
all,race_matched,2018,ld12,LEGISLATIVE DISTRICT 12 - STATE REPRESENTATIVE POS. 2,0,461.9,243.06,0.000219,0.000705,-7.17,-27.6
all,race_matched,2018,ld13,LEGISLATIVE DISTRICT 13 - STATE REPRESENTATIVE POS. 1,0,527.89,0.0,0.000528,0.000528,-8.27,-42.68
all,race_matched,2018,ld15,LEGISLATIVE DISTRICT 15 - STATE REPRESENTATIVE POS. 1,0,197.96,0.0,0.000198,0.000198,-4.84,-19.42
all,race_matched,2018,ld16,LEGISLATIVE DISTRICT 16 - STATE REPRESENTATIVE POS. 1,0,4961.9,0.0,0.004962,0.004962,-4.18,-25.17
all,race_matched,2018,ld17,LEGISLATIVE DISTRICT 17 - STATE REPRESENTATIVE POS. 1,0,219983.43,26504.76,0.193479,0.246488,2.94,-1.3
all,race_matched,2018,ld18,LEGISLATIVE DISTRICT 18 - STATE REPRESENTATIVE POS. 1,0,5142.28,1054.76,0.004088,0.006197,-0.12,-11.12
all,race_matched,2018,ld19,LEGISLATIVE DISTRICT 19 - STATE REPRESENTATIVE POS. 1,0,391987.9,186045.86,0.205942,0.578034,-7.96,-0.97
all,race_matched,2018,ld20,LEGISLATIVE DISTRICT 20 - STATE REPRESENTATIVE POS. 1,0,461.9,0.0,0.000462,0.000462,-0.58,-24.04
all,race_matched,2018,ld21,LEGISLATIVE DISTRICT 21 - STATE REPRESENTATIVE POS. 1,0,676.87,0.0,0.000677,0.000677,-6.79,31.52
all,race_matched,2018,ld24,LEGISLATIVE DISTRICT 24 - STATE REPRESENTATIVE POS. 1,0,329.93,11350.38,-0.01102,0.01168,-9.1,16.01
all,race_matched,2018,ld25,LEGISLATIVE DISTRICT 25 - STATE REPRESENTATIVE POS. 1,0,111736.79,83144.46,0.028592,0.194881,-1.34,-1.12
all,race_matched,2018,ld26,LEGISLATIVE DISTRICT 26 - STATE REPRESENTATIVE POS. 1,0,45397.85,16769.0,0.028629,0.062167,-1.72,-3.74
all,race_matched,2018,ld27,LEGISLATIVE DISTRICT 27 - STATE REPRESENTATIVE POS. 1,0,395.91,0.0,0.000396,0.000396,-5.8,42.46
all,race_matched,2018,ld28,LEGISLATIVE DISTRICT 28 - STATE REPRESENTATIVE POS. 1,0,290370.42,0.0,0.29037,0.29037,-6.8,5.64
all,race_matched,2018,ld29,LEGISLATIVE DISTRICT 29 - STATE REPRESENTATIVE POS. 1,0,8721.1,0.0,0.008721,0.008721,-8.11,22.23
all,race_matched,2018,ld30,LEGISLATIVE DISTRICT 30 - STATE REPRESENTATIVE POS. 1,0,23526.03,18655.89,0.00487,0.042182,2.9,6.26
all,race_matched,2018,ld31,LEGISLATIVE DISTRICT 31 - STATE REPRESENTATIVE POS. 1,0,1094.36,0.0,0.001094,0.001094,-5.49,-19.39
all,race_matched,2018,ld32,LEGISLATIVE DISTRICT 32 - STATE REPRESENTATIVE POS. 1,0,461.9,0.0,0.000462,0.000462,-6.81,39.46
all,race_matched,2018,ld35,LEGISLATIVE DISTRICT 35 - STATE REPRESENTATIVE POS. 1,0,395.91,225.89,0.00017,0.000622,-5.75,-15.47
all,race_matched,2018,ld39,LEGISLATIVE DISTRICT 39 - STATE REPRESENTATIVE POS. 1,0,395.91,0.0,0.000396,0.000396,-2.8,-13.21
all,race_matched,2018,ld40,LEGISLATIVE DISTRICT 40 - STATE REPRESENTATIVE POS. 1,0,23991.83,211.2,0.023781,0.024203,-3.54,34.23
all,race_matched,2018,ld42,LEGISLATIVE DISTRICT 42 - STATE REPRESENTATIVE POS. 1,0,1335.32,30693.67,-0.029358,0.032029,-0.43,-0.11
all,race_matched,2018,ld44,LEGISLATIVE DISTRICT 44 - STATE REPRESENTATIVE POS. 1,0,676.87,0.0,0.000677,0.000677,2.18,14.07
all,race_matched,2020,ld01,LEGISLATIVE DISTRICT 1 - STATE REPRESENTATIVE POS. 1,0,369.5,0.0,0.000369,0.000369,0.28,32.96
all,race_matched,2020,ld02,LEGISLATIVE DISTRICT 2 - STATE REPRESENTATIVE POS. 2,0,436.51,0.0,0.000437,0.000437,-3.36,-31.41
all,race_matched,2020,ld03,LEGISLATIVE DISTRICT 3 - STATE REPRESENTATIVE POS. 1,0,469.67,0.0,0.00047,0.00047,-1.49,21.15
all,race_matched,2020,ld04,LEGISLATIVE DISTRICT 4 - STATE REPRESENTATIVE POS. 1,0,469.67,0.0,0.00047,0.00047,3.46,-20.79
all,race_matched,2020,ld06,LEGISLATIVE DISTRICT 6 - STATE REPRESENTATIVE POS. 1,0,469.67,0.0,0.00047,0.00047,-0.8,-3.95
all,race_matched,2020,ld07,LEGISLATIVE DISTRICT 7 - STATE REPRESENTATIVE POS. 1,0,593.3,186.95,0.000406,0.00078,-3.94,-43.9
all,race_matched,2020,ld09,LEGISLATIVE DISTRICT 9 - STATE SENATOR,1,41.47,1430.7,-0.001389,0.001472,-1.2,-31.37
all,race_matched,2020,ld10,LEGISLATIVE DISTRICT 10 - STATE REPRESENTATIVE POS. 1,0,293445.12,382478.1,-0.089033,0.675923,-3.26,-0.98
all,race_matched,2020,ld12,LEGISLATIVE DISTRICT 12 - STATE REPRESENTATIVE POS. 1,0,462.48,2705.71,-0.002243,0.003168,3.16,-20.87
all,race_matched,2020,ld13,LEGISLATIVE DISTRICT 13 - STATE REPRESENTATIVE POS. 1,0,0.0,186.95,-0.000187,0.000187,-2.83,-42.81
all,race_matched,2020,ld14,LEGISLATIVE DISTRICT 14 - STATE REPRESENTATIVE POS. 1,0,462.35,1537.39,-0.001075,0.002,2.52,-19.32
all,race_matched,2020,ld15,"LEGISLATIVE DISTRICT 15 - REPRESENTATIVE, POSITION 2",0,369.62,0.0,0.00037,0.00037,2.63,-18.27
all,race_matched,2020,ld16,LEGISLATIVE DISTRICT 16 - STATE REPRESENTATIVE POS. 1,0,5219.62,0.0,0.00522,0.00522,-0.28,-27.24
all,race_matched,2020,ld17,LEGISLATIVE DISTRICT 17 - STATE REPRESENTATIVE POS. 1,0,433300.78,18711.57,0.414589,0.452012,-0.12,-2.16
all,race_matched,2020,ld18,LEGISLATIVE DISTRICT 18 - STATE REPRESENTATIVE POS. 1,0,406.84,1400.66,-0.000994,0.001808,-2.2,-22.51
all,race_matched,2020,ld19,LEGISLATIVE DISTRICT 19 - STATE REPRESENTATIVE POS. 1,0,120289.7,15187.66,0.105102,0.135477,-10.88,-18.77
all,race_matched,2020,ld20,LEGISLATIVE DISTRICT 20 - STATE REPRESENTATIVE POS. 1,0,281.77,0.0,0.000282,0.000282,-4.96,-41.67
all,race_matched,2020,ld21,LEGISLATIVE DISTRICT 21 - STATE REPRESENTATIVE POS. 1,0,2246.12,0.0,0.002246,0.002246,-0.41,29.25
all,race_matched,2020,ld22,LEGISLATIVE DISTRICT 22 - STATE REPRESENTATIVE POS. 1,0,405.6,0.0,0.000406,0.000406,-2.58,33.19
all,race_matched,2020,ld23,LEGISLATIVE DISTRICT 23 - STATE REPRESENTATIVE POS. 1,0,318.9,0.0,0.000319,0.000319,-2.89,23.94
all,race_matched,2020,ld24,LEGISLATIVE DISTRICT 24 - STATE REPRESENTATIVE POS. 1,0,18730.71,5011.42,0.013719,0.023742,-2.76,8.42
all,race_matched,2020,ld25,LEGISLATIVE DISTRICT 25 - STATE REPRESENTATIVE POS. 1,0,552.49,21214.09,-0.020662,0.021767,0.65,-6.92
all,race_matched,2020,ld26,LEGISLATIVE DISTRICT 26 - STATE REPRESENTATIVE POS. 1,0,296700.54,7016.77,0.289684,0.303717,-1.22,-5.67
all,race_matched,2020,ld27,LEGISLATIVE DISTRICT 27 - STATE SENATOR,1,522.25,0.0,0.000522,0.000522,-1.08,39.41
all,race_matched,2020,ld28,LEGISLATIVE DISTRICT 28 - STATE REPRESENTATIVE POS. 1,0,3246.03,36264.9,-0.033019,0.039511,0.63,14.6
all,race_matched,2020,ld29,LEGISLATIVE DISTRICT 29 - STATE REPRESENTATIVE POS. 1,0,8778.75,0.0,0.008779,0.008779,1.43,27.69
all,race_matched,2020,ld30,LEGISLATIVE DISTRICT 30 - STATE REPRESENTATIVE POS. 2,0,11448.72,0.0,0.011449,0.011449,5.54,20.66
all,race_matched,2020,ld31,LEGISLATIVE DISTRICT 31 - STATE REPRESENTATIVE POS. 1,0,461.89,0.0,0.000462,0.000462,-4.87,-27.05
all,race_matched,2020,ld35,LEGISLATIVE DISTRICT 35 - STATE REPRESENTATIVE POS. 1,0,418.17,0.0,0.000418,0.000418,-1.97,-16.8
all,race_matched,2020,ld38,LEGISLATIVE DISTRICT 38 - STATE REPRESENTATIVE POS. 1,0,303.2,0.0,0.000303,0.000303,-2.48,17.93
all,race_matched,2020,ld40,LEGISLATIVE DISTRICT 40 - STATE SENATOR,1,334.11,0.0,0.000334,0.000334,1.97,39.12
all,race_matched,2020,ld42,LEGISLATIVE DISTRICT 42 - STATE REPRESENTATIVE POS. 1,0,450206.93,92337.75,0.357869,0.542545,0.57,2.33
all,race_matched,2020,ld44,LEGISLATIVE DISTRICT 44 - STATE REPRESENTATIVE POS. 1,0,7886.42,0.0,0.007886,0.007886,-0.69,14.39
all,race_matched,2020,ld49,LEGISLATIVE DISTRICT 49 - STATE REPRESENTATIVE POS. 1,0,406.84,0.0,0.000407,0.000407,-1.77,26.16
all,race_matched,2022,ld01,LEGISLATIVE DISTRICT 1 - STATE REPRESENTATIVE POS. 1,0,248.9,0.0,0.000249,0.000249,5.29,41.76
all,race_matched,2022,ld03,LEGISLATIVE DISTRICT 3 - STATE REPRESENTATIVE POS. 1,0,10864.58,176.03,0.010689,0.011041,5.28,24.92
all,race_matched,2022,ld04,LEGISLATIVE DISTRICT 4 - STATE REPRESENTATIVE POS. 1,0,858.68,24031.95,-0.023173,0.024891,0.47,-26.86
all,race_matched,2022,ld06,LEGISLATIVE DISTRICT 6 - STATE REPRESENTATIVE POS. 2,0,57.9,0.0,5.8e-05,5.8e-05,-3.41,-23.47
all,race_matched,2022,ld10,LEGISLATIVE DISTRICT 10 - STATE REPRESENTATIVE POS. 1,0,445422.08,237718.91,0.207703,0.683141,0.64,0.22
all,race_matched,2022,ld15,LEGISLATIVE DISTRICT 15 - STATE SENATOR,1,73.51,0.0,7.4e-05,7.4e-05,-6.05,-35.33
all,race_matched,2022,ld16,LEGISLATIVE DISTRICT 16 - STATE REPRESENTATIVE POS. 1,0,189.31,0.0,0.000189,0.000189,-4.62,-37.91
all,race_matched,2022,ld17,LEGISLATIVE DISTRICT 17 - STATE REPRESENTATIVE POS. 1,0,160.36,0.0,0.00016,0.00016,4.88,-6.46
all,race_matched,2022,ld18,LEGISLATIVE DISTRICT 18 - STATE REPRESENTATIVE POS. 1,0,73850.07,27552.79,0.046297,0.101403,6.86,-4.9
all,race_matched,2022,ld19,LEGISLATIVE DISTRICT 19 - STATE REPRESENTATIVE POS. 1,0,423.19,0.0,0.000423,0.000423,-2.14,-24.4
all,race_matched,2022,ld21,LEGISLATIVE DISTRICT 21 - STATE REPRESENTATIVE POS. 1,0,183.19,0.0,0.000183,0.000183,0.86,34.86
all,race_matched,2022,ld22,LEGISLATIVE DISTRICT 22 - STATE REPRESENTATIVE POS. 1,0,131.41,0.0,0.000131,0.000131,-0.16,31.82
all,race_matched,2022,ld23,LEGISLATIVE DISTRICT 23 - STATE REPRESENTATIVE POS. 1,0,131.41,0.0,0.000131,0.000131,-5.17,27.73
all,race_matched,2022,ld24,LEGISLATIVE DISTRICT 24 - STATE REPRESENTATIVE POS. 1,0,35126.32,19253.61,0.015873,0.05438,3.83,13.22
all,race_matched,2022,ld25,LEGISLATIVE DISTRICT 25 - STATE REPRESENTATIVE POS. 1,0,131.41,0.0,0.000131,0.000131,-1.17,-11.43
all,race_matched,2022,ld26,LEGISLATIVE DISTRICT 26 - STATE REPRESENTATIVE POS. 1,0,27043.68,193854.44,-0.166811,0.220898,6.72,-0.99
all,race_matched,2022,ld27,LEGISLATIVE DISTRICT 27 - STATE REPRESENTATIVE POS. 1,0,131.41,0.0,0.000131,0.000131,1.18,43.26
all,race_matched,2022,ld28,LEGISLATIVE DISTRICT 28 - STATE REPRESENTATIVE POS. 1,0,631.41,92773.37,-0.092142,0.093405,2.68,16.42
all,race_matched,2022,ld29,LEGISLATIVE DISTRICT 29 - STATE REPRESENTATIVE POS. 1,0,131.41,9414.74,-0.009283,0.009546,-5.28,13.98
all,race_matched,2022,ld30,LEGISLATIVE DISTRICT 30 - STATE REPRESENTATIVE POS. 1,0,63667.82,21925.97,0.041742,0.085594,-1.3,10.81
all,race_matched,2022,ld31,LEGISLATIVE DISTRICT 31 - STATE REPRESENTATIVE POS. 1,0,160.36,0.0,0.00016,0.00016,1.74,-20.2
all,race_matched,2022,ld32,LEGISLATIVE DISTRICT 32 - STATE REPRESENTATIVE POS. 2,0,160.36,0.0,0.00016,0.00016,9.96,59.01
all,race_matched,2022,ld35,LEGISLATIVE DISTRICT 35 - STATE REPRESENTATIVE POS. 1,0,160.36,0.0,0.00016,0.00016,0.1,-18.12
all,race_matched,2022,ld38,LEGISLATIVE DISTRICT 38 - STATE REPRESENTATIVE POS. 1,0,15129.65,0.0,0.01513,0.01513,1.76,17.13
all,race_matched,2022,ld39,LEGISLATIVE DISTRICT 39 - STATE REPRESENTATIVE POS. 2,0,212.15,0.0,0.000212,0.000212,1.86,-19.43
all,race_matched,2022,ld40,LEGISLATIVE DISTRICT 40 - STATE REPRESENTATIVE POS. 1,0,953.34,0.0,0.000953,0.000953,1.55,38.78
all,race_matched,2022,ld42,LEGISLATIVE DISTRICT 42 - STATE REPRESENTATIVE POS. 1,0,407765.85,118252.65,0.289513,0.526019,-1.61,3.53
all,race_matched,2022,ld44,LEGISLATIVE DISTRICT 44 - STATE REPRESENTATIVE POS. 1,0,58303.45,123818.24,-0.065515,0.182122,-6.16,6.63
all,race_matched,2022,ld49,LEGISLATIVE DISTRICT 49 - STATE REPRESENTATIVE POS. 1,0,131.41,0.0,0.000131,0.000131,-0.97,24.13
all,race_matched,2024,ld01,LEGISLATIVE DISTRICT 1 - STATE REPRESENTATIVE POS. 1,0,152.98,0.0,0.000153,0.000153,3.95,38.55
all,race_matched,2024,ld02,LEGISLATIVE DISTRICT 2 - STATE SENATOR,1,120.4,1350.68,-0.00123,0.001471,1.8,-26.23
all,race_matched,2024,ld03,LEGISLATIVE DISTRICT 3 - STATE REPRESENTATIVE POS. 1,0,856.61,0.0,0.000857,0.000857,-0.96,17.58
all,race_matched,2024,ld04,LEGISLATIVE DISTRICT 4 - STATE SENATOR,1,856.61,324.64,0.000532,0.001181,1.99,-28.8
all,race_matched,2024,ld06,LEGISLATIVE DISTRICT 6 - STATE REPRESENTATIVE POS. 1,0,856.61,228.98,0.000628,0.001086,-3.39,-24.73
all,race_matched,2024,ld07,LEGISLATIVE DISTRICT 7 - STATE REPRESENTATIVE POS. 2,0,954.35,484.22,0.00047,0.001439,2.05,-41.64
all,race_matched,2024,ld08,LEGISLATIVE DISTRICT 8 - STATE REPRESENTATIVE POS. 2,0,300.97,2881.97,-0.002581,0.003183,-3.78,-41.02
all,race_matched,2024,ld09,LEGISLATIVE DISTRICT 9 - STATE REPRESENTATIVE POS. 1,0,856.61,603.26,0.000253,0.00146,1.43,-29.86
all,race_matched,2024,ld10,LEGISLATIVE DISTRICT 10 - STATE REPRESENTATIVE POS. 1,0,190244.3,256297.72,-0.066053,0.446542,0.72,6.54
all,race_matched,2024,ld12,LEGISLATIVE DISTRICT 12 - STATE REPRESENTATIVE POS. 1,0,954.35,648.53,0.000306,0.001603,10.32,-6.62
all,race_matched,2024,ld14,LEGISLATIVE DISTRICT 14 - STATE REPRESENTATIVE POS. 1,0,17346.7,107684.82,-0.090338,0.125032,9.67,-8.28
all,race_matched,2024,ld16,LEGISLATIVE DISTRICT 16 - STATE REPRESENTATIVE POS. 1,0,921.77,120.55,0.000801,0.001042,1.27,-29.01
all,race_matched,2024,ld17,LEGISLATIVE DISTRICT 17 - STATE SENATOR,1,745909.66,807693.92,-0.061784,1.553604,3.91,-2.34
all,race_matched,2024,ld18,LEGISLATIVE DISTRICT 18 - STATE REPRESENTATIVE POS. 1,0,120.4,23785.83,-0.023665,0.023906,-1.51,-11.43
all,race_matched,2024,ld19,LEGISLATIVE DISTRICT 19 - STATE REPRESENTATIVE POS. 1,0,283.32,230.43,5.3e-05,0.000514,2.31,-20.12
all,race_matched,2024,ld21,LEGISLATIVE DISTRICT 21 - STATE REPRESENTATIVE POS. 1,0,1945.4,0.0,0.001945,0.001945,-0.34,33.71
all,race_matched,2024,ld23,LEGISLATIVE DISTRICT 23 - STATE REPRESENTATIVE POS. 1,0,120.4,0.0,0.00012,0.00012,0.64,26.09
all,race_matched,2024,ld24,LEGISLATIVE DISTRICT 24 - STATE REPRESENTATIVE POS. 1,0,91059.5,0.0,0.091059,0.091059,-3.04,10.07
all,race_matched,2024,ld25,LEGISLATIVE DISTRICT 25 - STATE REPRESENTATIVE POS. 1,0,120.4,1333.29,-0.001213,0.001454,3.13,-11.88
all,race_matched,2024,ld26,LEGISLATIVE DISTRICT 26 - STATE REPRESENTATIVE POS. 1,0,645906.33,244729.81,0.401177,0.890636,3.73,3.66
all,race_matched,2024,ld27,LEGISLATIVE DISTRICT 27 - STATE REPRESENTATIVE POS. 1,0,1337.07,0.0,0.001337,0.001337,1.07,43.55
all,race_matched,2024,ld28,LEGISLATIVE DISTRICT 28 - STATE REPRESENTATIVE POS. 1,0,120.4,1663.86,-0.001543,0.001784,-0.08,17.04
all,race_matched,2024,ld30,LEGISLATIVE DISTRICT 30 - STATE REPRESENTATIVE POS. 1,0,120.4,0.0,0.00012,0.00012,0.89,12.44
all,race_matched,2024,ld31,LEGISLATIVE DISTRICT 31 - STATE REPRESENTATIVE POS. 1,0,120.4,1825.0,-0.001705,0.001945,-1.8,-27.38
all,race_matched,2024,ld32,LEGISLATIVE DISTRICT 32 - STATE REPRESENTATIVE POS. 1,0,120.4,0.0,0.00012,0.00012,3.91,48.57
all,race_matched,2024,ld35,LEGISLATIVE DISTRICT 35 - STATE REPRESENTATIVE POS. 2,0,120.4,1127.66,-0.001007,0.001248,0.64,-17.31
all,race_matched,2024,ld38,LEGISLATIVE DISTRICT 38 - STATE REPRESENTATIVE POS. 2,0,120.4,0.0,0.00012,0.00012,-0.34,19.11
all,race_matched,2024,ld39,LEGISLATIVE DISTRICT 39 - STATE SENATOR,1,120.4,394.48,-0.000274,0.000515,2.31,-21.22
all,race_matched,2024,ld40,LEGISLATIVE DISTRICT 40 - STATE SENATOR,1,856.61,0.0,0.000857,0.000857,1.34,39.33
all,race_matched,2024,ld42,LEGISLATIVE DISTRICT 42 - STATE REPRESENTATIVE POS. 1,0,38008.9,0.0,0.038009,0.038009,3.61,10.8
all,race_matched,2024,ld44,LEGISLATIVE DISTRICT 44 - STATE REPRESENTATIVE POS. 2,0,120.4,0.0,0.00012,0.00012,-0.08,15.28
all,race_matched,2024,ld49,LEGISLATIVE DISTRICT 49 - STATE REPRESENTATIVE POS. 1,0,120.4,0.0,0.00012,0.00012,1.95,27.21
express,district_aggregate,2018,ld01,LEGISLATIVE DISTRICT 1 - STATE REPRESENTATIVE POS. 1,0,1749.66,0.0,0.00175,0.00175,-2.12,36.0
express,district_aggregate,2018,ld02,LEGISLATIVE DISTRICT 2 - STATE REPRESENTATIVE POS. 1,0,395.91,0.0,0.000396,0.000396,-2.26,-18.34
express,district_aggregate,2018,ld03,LEGISLATIVE DISTRICT 3 - STATE REPRESENTATIVE POS. 1,0,11485.74,377.52,0.011108,0.011863,-0.1,28.31
express,district_aggregate,2018,ld04,LEGISLATIVE DISTRICT 4 - STATE REPRESENTATIVE POS. 1,0,940.81,0.0,0.000941,0.000941,0.87,-15.48
express,district_aggregate,2018,ld06,LEGISLATIVE DISTRICT 6 - STATE REPRESENTATIVE POS. 1,0,33772.5,10186.27,0.023586,0.043959,-0.97,-6.91
express,district_aggregate,2018,ld07,LEGISLATIVE DISTRICT 7 - STATE REPRESENTATIVE POS. 1,0,1996.6,729.21,0.001267,0.002726,-4.81,-36.76
express,district_aggregate,2018,ld08,LEGISLATIVE DISTRICT 8 - STATE REPRESENTATIVE POS. 1,0,593.88,0.0,0.000594,0.000594,-7.12,-30.56
express,district_aggregate,2018,ld09,LEGISLATIVE DISTRICT 9 - STATE REPRESENTATIVE POS. 1,0,1336.73,10044.0,-0.008707,0.011381,-5.07,-28.16
express,district_aggregate,2018,ld10,LEGISLATIVE DISTRICT 10 - STATE REPRESENTATIVE POS. 1,0,40781.58,11573.56,0.029208,0.052355,0.38,-4.32
express,district_aggregate,2018,ld12,LEGISLATIVE DISTRICT 12 - STATE REPRESENTATIVE POS. 2,0,461.9,486.12,-2.4e-05,0.000948,-7.17,-27.6
express,district_aggregate,2018,ld13,LEGISLATIVE DISTRICT 13 - STATE REPRESENTATIVE POS. 1,0,65135.45,0.0,0.065135,0.065135,-8.27,-42.68
express,district_aggregate,2018,ld14,LEGISLATIVE DISTRICT 14 - STATE REPRESENTATIVE POS. 1,0,1336.73,0.0,0.001337,0.001337,-1.27,-17.49
express,district_aggregate,2018,ld15,LEGISLATIVE DISTRICT 15 - STATE REPRESENTATIVE POS. 1,0,1006.81,15000.0,-0.013993,0.016007,-4.84,-19.42
express,district_aggregate,2018,ld16,LEGISLATIVE DISTRICT 16 - STATE REPRESENTATIVE POS. 1,0,5836.73,5727.65,0.000109,0.011564,-4.18,-25.17
express,district_aggregate,2018,ld17,LEGISLATIVE DISTRICT 17 - STATE REPRESENTATIVE POS. 1,0,52013.3,254.76,0.051759,0.052268,2.94,-1.3
express,district_aggregate,2018,ld18,LEGISLATIVE DISTRICT 18 - STATE REPRESENTATIVE POS. 1,0,10697.49,9554.76,0.001143,0.020252,-0.12,-11.12
express,district_aggregate,2018,ld19,LEGISLATIVE DISTRICT 19 - STATE REPRESENTATIVE POS. 1,0,6039.11,54272.43,-0.048233,0.060312,-7.96,-0.97
express,district_aggregate,2018,ld20,LEGISLATIVE DISTRICT 20 - STATE REPRESENTATIVE POS. 1,0,791.83,0.0,0.000792,0.000792,-0.58,-24.04
express,district_aggregate,2018,ld21,LEGISLATIVE DISTRICT 21 - STATE REPRESENTATIVE POS. 1,0,1630.11,0.0,0.00163,0.00163,-6.79,31.52
express,district_aggregate,2018,ld24,LEGISLATIVE DISTRICT 24 - STATE REPRESENTATIVE POS. 1,0,659.86,1452.0,-0.000792,0.002112,-9.1,16.01
express,district_aggregate,2018,ld25,LEGISLATIVE DISTRICT 25 - STATE REPRESENTATIVE POS. 1,0,989.79,195089.42,-0.1941,0.196079,-1.34,-1.12
express,district_aggregate,2018,ld26,LEGISLATIVE DISTRICT 26 - STATE REPRESENTATIVE POS. 1,0,148429.18,324128.86,-0.1757,0.472558,-1.72,-3.74
express,district_aggregate,2018,ld27,LEGISLATIVE DISTRICT 27 - STATE REPRESENTATIVE POS. 1,0,804.2,0.0,0.000804,0.000804,-5.8,42.46
express,district_aggregate,2018,ld28,LEGISLATIVE DISTRICT 28 - STATE REPRESENTATIVE POS. 1,0,100475.24,0.0,0.100475,0.100475,-6.8,5.64
express,district_aggregate,2018,ld29,LEGISLATIVE DISTRICT 29 - STATE REPRESENTATIVE POS. 1,0,1044.96,115.49,0.000929,0.00116,-8.11,22.23
express,district_aggregate,2018,ld30,LEGISLATIVE DISTRICT 30 - STATE REPRESENTATIVE POS. 1,0,84482.1,393225.88,-0.308744,0.477708,2.9,6.26
express,district_aggregate,2018,ld31,LEGISLATIVE DISTRICT 31 - STATE REPRESENTATIVE POS. 1,0,1768.65,0.0,0.001769,0.001769,-5.49,-19.39
express,district_aggregate,2018,ld32,LEGISLATIVE DISTRICT 32 - STATE REPRESENTATIVE POS. 1,0,61044.76,61004.28,4e-05,0.122049,-6.81,39.46
express,district_aggregate,2018,ld35,LEGISLATIVE DISTRICT 35 - STATE REPRESENTATIVE POS. 1,0,71162.64,9706.41,0.061456,0.080869,-5.75,-15.47
express,district_aggregate,2018,ld39,LEGISLATIVE DISTRICT 39 - STATE REPRESENTATIVE POS. 1,0,1600.66,28213.91,-0.026613,0.029815,-2.8,-13.21
express,district_aggregate,2018,ld40,LEGISLATIVE DISTRICT 40 - STATE REPRESENTATIVE POS. 1,0,1560.31,211.2,0.001349,0.001772,-3.54,34.23
express,district_aggregate,2018,ld42,LEGISLATIVE DISTRICT 42 - STATE REPRESENTATIVE POS. 1,0,212117.55,606.12,0.211511,0.212724,-0.43,-0.11
express,district_aggregate,2018,ld44,LEGISLATIVE DISTRICT 44 - STATE REPRESENTATIVE POS. 1,0,49694.03,17791.54,0.031902,0.067486,2.18,14.07
express,district_aggregate,2020,ld01,LEGISLATIVE DISTRICT 1 - STATE REPRESENTATIVE POS. 1,0,1108.5,0.0,0.001108,0.001108,0.28,32.96
express,district_aggregate,2020,ld02,LEGISLATIVE DISTRICT 2 - STATE REPRESENTATIVE POS. 2,0,436.51,0.0,0.000437,0.000437,-3.36,-31.41
express,district_aggregate,2020,ld03,LEGISLATIVE DISTRICT 3 - STATE REPRESENTATIVE POS. 1,0,1409.01,186.95,0.001222,0.001596,-1.49,21.15
express,district_aggregate,2020,ld04,LEGISLATIVE DISTRICT 4 - STATE REPRESENTATIVE POS. 1,0,22009.01,560.85,0.021448,0.02257,3.46,-20.79
express,district_aggregate,2020,ld06,LEGISLATIVE DISTRICT 6 - STATE REPRESENTATIVE POS. 1,0,939.34,373.9,0.000565,0.001313,-0.8,-3.95
express,district_aggregate,2020,ld07,LEGISLATIVE DISTRICT 7 - STATE REPRESENTATIVE POS. 1,0,593.3,373.9,0.000219,0.000967,-3.94,-43.9
express,district_aggregate,2020,ld09,LEGISLATIVE DISTRICT 9 - STATE SENATOR,1,41.47,1804.6,-0.001763,0.001846,-1.2,-31.37
express,district_aggregate,2020,ld10,LEGISLATIVE DISTRICT 10 - STATE REPRESENTATIVE POS. 1,0,172375.7,0.0,0.172376,0.172376,-3.26,-0.98
express,district_aggregate,2020,ld12,LEGISLATIVE DISTRICT 12 - STATE REPRESENTATIVE POS. 1,0,462.48,2705.71,-0.002243,0.003168,3.16,-20.87
express,district_aggregate,2020,ld13,LEGISLATIVE DISTRICT 13 - STATE REPRESENTATIVE POS. 1,0,462.35,373.9,8.8e-05,0.000836,-2.83,-42.81
express,district_aggregate,2020,ld14,LEGISLATIVE DISTRICT 14 - STATE REPRESENTATIVE POS. 1,0,821.01,3074.79,-0.002254,0.003896,2.52,-19.32
express,district_aggregate,2020,ld15,"LEGISLATIVE DISTRICT 15 - REPRESENTATIVE, POSITION 2",0,369.62,0.0,0.00037,0.00037,2.63,-18.27
express,district_aggregate,2020,ld16,LEGISLATIVE DISTRICT 16 - STATE REPRESENTATIVE POS. 1,0,134709.55,80246.36,0.054463,0.214956,-0.28,-27.24
express,district_aggregate,2020,ld17,LEGISLATIVE DISTRICT 17 - STATE REPRESENTATIVE POS. 1,0,68770.48,13400.67,0.05537,0.082171,-0.12,-2.16
express,district_aggregate,2020,ld18,LEGISLATIVE DISTRICT 18 - STATE REPRESENTATIVE POS. 1,0,12378.83,165958.33,-0.15358,0.178337,-2.2,-22.51
express,district_aggregate,2020,ld19,LEGISLATIVE DISTRICT 19 - STATE REPRESENTATIVE POS. 1,0,190157.67,57384.0,0.132774,0.247542,-10.88,-18.77
express,district_aggregate,2020,ld20,LEGISLATIVE DISTRICT 20 - STATE REPRESENTATIVE POS. 1,0,563.54,1715.72,-0.001152,0.002279,-4.96,-41.67
express,district_aggregate,2020,ld21,LEGISLATIVE DISTRICT 21 - STATE REPRESENTATIVE POS. 1,0,4492.24,0.0,0.004492,0.004492,-0.41,29.25
express,district_aggregate,2020,ld22,LEGISLATIVE DISTRICT 22 - STATE REPRESENTATIVE POS. 1,0,957.43,0.0,0.000957,0.000957,-2.58,33.19
express,district_aggregate,2020,ld23,LEGISLATIVE DISTRICT 23 - STATE REPRESENTATIVE POS. 1,0,956.7,0.0,0.000957,0.000957,-2.89,23.94
express,district_aggregate,2020,ld24,LEGISLATIVE DISTRICT 24 - STATE REPRESENTATIVE POS. 1,0,36838.69,0.0,0.036839,0.036839,-2.76,8.42
express,district_aggregate,2020,ld25,LEGISLATIVE DISTRICT 25 - STATE REPRESENTATIVE POS. 1,0,1657.47,52299.0,-0.050642,0.053956,0.65,-6.92
express,district_aggregate,2020,ld26,LEGISLATIVE DISTRICT 26 - STATE REPRESENTATIVE POS. 1,0,37741.06,85125.0,-0.047384,0.122866,-1.22,-5.67
express,district_aggregate,2020,ld27,LEGISLATIVE DISTRICT 27 - STATE SENATOR,1,9223.27,0.0,0.009223,0.009223,-1.08,39.41
express,district_aggregate,2020,ld28,LEGISLATIVE DISTRICT 28 - STATE REPRESENTATIVE POS. 1,0,61002.12,64127.0,-0.003125,0.125129,0.63,14.6
express,district_aggregate,2020,ld29,LEGISLATIVE DISTRICT 29 - STATE REPRESENTATIVE POS. 1,0,107611.76,0.0,0.107612,0.107612,1.43,27.69
express,district_aggregate,2020,ld30,LEGISLATIVE DISTRICT 30 - STATE REPRESENTATIVE POS. 2,0,33832.78,0.0,0.033833,0.033833,5.54,20.66
express,district_aggregate,2020,ld31,LEGISLATIVE DISTRICT 31 - STATE REPRESENTATIVE POS. 1,0,923.78,0.0,0.000924,0.000924,-4.87,-27.05
express,district_aggregate,2020,ld35,LEGISLATIVE DISTRICT 35 - STATE REPRESENTATIVE POS. 1,0,836.34,0.0,0.000836,0.000836,-1.97,-16.8
express,district_aggregate,2020,ld38,LEGISLATIVE DISTRICT 38 - STATE REPRESENTATIVE POS. 1,0,909.6,0.0,0.00091,0.00091,-2.48,17.93
express,district_aggregate,2020,ld39,LEGISLATIVE DISTRICT 39 - STATE REPRESENTATIVE POS. 1,0,795.09,0.0,0.000795,0.000795,1.11,-20.19
express,district_aggregate,2020,ld40,LEGISLATIVE DISTRICT 40 - STATE SENATOR,1,1002.33,1337.46,-0.000335,0.00234,1.97,39.12
express,district_aggregate,2020,ld42,LEGISLATIVE DISTRICT 42 - STATE REPRESENTATIVE POS. 1,0,156440.18,7168.94,0.149271,0.163609,0.57,2.33
express,district_aggregate,2020,ld44,LEGISLATIVE DISTRICT 44 - STATE REPRESENTATIVE POS. 1,0,52109.93,0.0,0.05211,0.05211,-0.69,14.39
express,district_aggregate,2020,ld49,LEGISLATIVE DISTRICT 49 - STATE REPRESENTATIVE POS. 1,0,28391.69,0.0,0.028392,0.028392,-1.77,26.16
express,district_aggregate,2022,ld01,LEGISLATIVE DISTRICT 1 - STATE REPRESENTATIVE POS. 1,0,248.9,0.0,0.000249,0.000249,5.29,41.76
express,district_aggregate,2022,ld03,LEGISLATIVE DISTRICT 3 - STATE REPRESENTATIVE POS. 1,0,11723.26,0.0,0.011723,0.011723,5.28,24.92
express,district_aggregate,2022,ld04,LEGISLATIVE DISTRICT 4 - STATE REPRESENTATIVE POS. 1,0,858.68,26589.85,-0.025731,0.027449,0.47,-26.86
express,district_aggregate,2022,ld06,LEGISLATIVE DISTRICT 6 - STATE REPRESENTATIVE POS. 2,0,57.9,0.0,5.8e-05,5.8e-05,-3.41,-23.47
express,district_aggregate,2022,ld10,LEGISLATIVE DISTRICT 10 - STATE REPRESENTATIVE POS. 1,0,276108.78,182857.34,0.093251,0.458966,0.64,0.22
express,district_aggregate,2022,ld15,LEGISLATIVE DISTRICT 15 - STATE SENATOR,1,73.51,0.0,7.4e-05,7.4e-05,-6.05,-35.33
express,district_aggregate,2022,ld16,LEGISLATIVE DISTRICT 16 - STATE REPRESENTATIVE POS. 1,0,1105.89,0.0,0.001106,0.001106,-4.62,-37.91
express,district_aggregate,2022,ld17,LEGISLATIVE DISTRICT 17 - STATE REPRESENTATIVE POS. 1,0,320.72,32634.36,-0.032314,0.032955,4.88,-6.46
express,district_aggregate,2022,ld18,LEGISLATIVE DISTRICT 18 - STATE REPRESENTATIVE POS. 1,0,1589.22,27898.38,-0.026309,0.029488,6.86,-4.9
express,district_aggregate,2022,ld19,LEGISLATIVE DISTRICT 19 - STATE REPRESENTATIVE POS. 1,0,625.85,0.0,0.000626,0.000626,-2.14,-24.4
express,district_aggregate,2022,ld21,LEGISLATIVE DISTRICT 21 - STATE REPRESENTATIVE POS. 1,0,418.17,39055.78,-0.038638,0.039474,0.86,34.86
express,district_aggregate,2022,ld22,LEGISLATIVE DISTRICT 22 - STATE REPRESENTATIVE POS. 1,0,25336.33,0.0,0.025336,0.025336,-0.16,31.82
express,district_aggregate,2022,ld23,LEGISLATIVE DISTRICT 23 - STATE REPRESENTATIVE POS. 1,0,204.92,0.0,0.000205,0.000205,-5.17,27.73
express,district_aggregate,2022,ld24,LEGISLATIVE DISTRICT 24 - STATE REPRESENTATIVE POS. 1,0,35126.32,0.0,0.035126,0.035126,3.83,13.22
express,district_aggregate,2022,ld25,LEGISLATIVE DISTRICT 25 - STATE REPRESENTATIVE POS. 1,0,189.31,0.0,0.000189,0.000189,-1.17,-11.43
express,district_aggregate,2022,ld26,LEGISLATIVE DISTRICT 26 - STATE REPRESENTATIVE POS. 1,0,325255.14,424923.13,-0.099668,0.750178,6.72,-0.99
express,district_aggregate,2022,ld27,LEGISLATIVE DISTRICT 27 - STATE REPRESENTATIVE POS. 1,0,10329.68,0.0,0.01033,0.01033,1.18,43.26
express,district_aggregate,2022,ld28,LEGISLATIVE DISTRICT 28 - STATE REPRESENTATIVE POS. 1,0,1262.82,12388.72,-0.011126,0.013652,2.68,16.42
express,district_aggregate,2022,ld29,LEGISLATIVE DISTRICT 29 - STATE REPRESENTATIVE POS. 1,0,394.23,5000.0,-0.004606,0.005394,-5.28,13.98
express,district_aggregate,2022,ld30,LEGISLATIVE DISTRICT 30 - STATE REPRESENTATIVE POS. 1,0,153578.67,5593.31,0.147985,0.159172,-1.3,10.81
express,district_aggregate,2022,ld31,LEGISLATIVE DISTRICT 31 - STATE REPRESENTATIVE POS. 1,0,247.21,16.38,0.000231,0.000264,1.74,-20.2
express,district_aggregate,2022,ld32,LEGISLATIVE DISTRICT 32 - STATE REPRESENTATIVE POS. 2,0,497.81,0.0,0.000498,0.000498,9.96,59.01
express,district_aggregate,2022,ld35,LEGISLATIVE DISTRICT 35 - STATE REPRESENTATIVE POS. 1,0,481.08,0.0,0.000481,0.000481,0.1,-18.12
express,district_aggregate,2022,ld38,LEGISLATIVE DISTRICT 38 - STATE REPRESENTATIVE POS. 1,0,6016.25,43841.85,-0.037826,0.049858,1.76,17.13
express,district_aggregate,2022,ld39,LEGISLATIVE DISTRICT 39 - STATE REPRESENTATIVE POS. 2,0,54211.44,99280.67,-0.045069,0.153492,1.86,-19.43
express,district_aggregate,2022,ld40,LEGISLATIVE DISTRICT 40 - STATE REPRESENTATIVE POS. 1,0,7906.68,0.0,0.007907,0.007907,1.55,38.78
express,district_aggregate,2022,ld42,LEGISLATIVE DISTRICT 42 - STATE REPRESENTATIVE POS. 1,0,501575.27,36788.45,0.464787,0.538364,-1.61,3.53
express,district_aggregate,2022,ld44,LEGISLATIVE DISTRICT 44 - STATE REPRESENTATIVE POS. 1,0,40225.69,108250.88,-0.068025,0.148477,-6.16,6.63
express,district_aggregate,2022,ld49,LEGISLATIVE DISTRICT 49 - STATE REPRESENTATIVE POS. 1,0,262.82,0.0,0.000263,0.000263,-0.97,24.13
express,district_aggregate,2024,ld01,LEGISLATIVE DISTRICT 1 - STATE REPRESENTATIVE POS. 1,0,305.96,0.0,0.000306,0.000306,3.95,38.55
express,district_aggregate,2024,ld02,LEGISLATIVE DISTRICT 2 - STATE SENATOR,1,203.23,111267.73,-0.111065,0.111471,1.8,-26.23
express,district_aggregate,2024,ld03,LEGISLATIVE DISTRICT 3 - STATE REPRESENTATIVE POS. 1,0,1768.44,0.0,0.001768,0.001768,-0.96,17.58
express,district_aggregate,2024,ld04,LEGISLATIVE DISTRICT 4 - STATE SENATOR,1,1713.22,1478.74,0.000234,0.003192,1.99,-28.8
express,district_aggregate,2024,ld06,LEGISLATIVE DISTRICT 6 - STATE REPRESENTATIVE POS. 1,0,1713.22,457.95,0.001255,0.002171,-3.39,-24.73
express,district_aggregate,2024,ld07,LEGISLATIVE DISTRICT 7 - STATE REPRESENTATIVE POS. 2,0,954.35,2311.0,-0.001357,0.003265,2.05,-41.64
express,district_aggregate,2024,ld08,LEGISLATIVE DISTRICT 8 - STATE REPRESENTATIVE POS. 2,0,300.97,3546.21,-0.003245,0.003847,-3.78,-41.02
express,district_aggregate,2024,ld09,LEGISLATIVE DISTRICT 9 - STATE REPRESENTATIVE POS. 1,0,1713.22,603.26,0.00111,0.002316,1.43,-29.86
express,district_aggregate,2024,ld10,LEGISLATIVE DISTRICT 10 - STATE REPRESENTATIVE POS. 1,0,88757.82,331120.47,-0.242363,0.419878,0.72,6.54
express,district_aggregate,2024,ld12,LEGISLATIVE DISTRICT 12 - STATE REPRESENTATIVE POS. 1,0,1908.7,1293.94,0.000615,0.003203,10.32,-6.62
express,district_aggregate,2024,ld14,LEGISLATIVE DISTRICT 14 - STATE REPRESENTATIVE POS. 1,0,40138.79,87920.56,-0.047782,0.128059,9.67,-8.28
express,district_aggregate,2024,ld16,LEGISLATIVE DISTRICT 16 - STATE REPRESENTATIVE POS. 1,0,2765.31,241.11,0.002524,0.003006,1.27,-29.01
express,district_aggregate,2024,ld17,LEGISLATIVE DISTRICT 17 - STATE SENATOR,1,744160.81,127892.13,0.616269,0.872053,3.91,-2.34
express,district_aggregate,2024,ld18,LEGISLATIVE DISTRICT 18 - STATE REPRESENTATIVE POS. 1,0,568844.19,133311.6,0.435533,0.702156,-1.51,-11.43
express,district_aggregate,2024,ld19,LEGISLATIVE DISTRICT 19 - STATE REPRESENTATIVE POS. 1,0,849.96,460.85,0.000389,0.001311,2.31,-20.12
express,district_aggregate,2024,ld21,LEGISLATIVE DISTRICT 21 - STATE REPRESENTATIVE POS. 1,0,3890.8,0.0,0.003891,0.003891,-0.34,33.71
express,district_aggregate,2024,ld23,LEGISLATIVE DISTRICT 23 - STATE REPRESENTATIVE POS. 1,0,110276.08,6768.33,0.103508,0.117044,0.64,26.09
express,district_aggregate,2024,ld24,LEGISLATIVE DISTRICT 24 - STATE REPRESENTATIVE POS. 1,0,115363.55,1663.86,0.1137,0.117027,-3.04,10.07
express,district_aggregate,2024,ld25,LEGISLATIVE DISTRICT 25 - STATE REPRESENTATIVE POS. 1,0,361.2,4113.39,-0.003752,0.004475,3.13,-11.88
express,district_aggregate,2024,ld26,LEGISLATIVE DISTRICT 26 - STATE REPRESENTATIVE POS. 1,0,18481.73,28533.04,-0.010051,0.047015,3.73,3.66
express,district_aggregate,2024,ld27,LEGISLATIVE DISTRICT 27 - STATE REPRESENTATIVE POS. 1,0,15696.14,0.0,0.015696,0.015696,1.07,43.55
express,district_aggregate,2024,ld28,LEGISLATIVE DISTRICT 28 - STATE REPRESENTATIVE POS. 1,0,361.2,56021.12,-0.05566,0.056382,-0.08,17.04
express,district_aggregate,2024,ld30,LEGISLATIVE DISTRICT 30 - STATE REPRESENTATIVE POS. 1,0,240.8,0.0,0.000241,0.000241,0.89,12.44
express,district_aggregate,2024,ld31,LEGISLATIVE DISTRICT 31 - STATE REPRESENTATIVE POS. 1,0,240.8,32548.06,-0.032307,0.032789,-1.8,-27.38
express,district_aggregate,2024,ld32,LEGISLATIVE DISTRICT 32 - STATE REPRESENTATIVE POS. 1,0,240.8,0.0,0.000241,0.000241,3.91,48.57
express,district_aggregate,2024,ld35,LEGISLATIVE DISTRICT 35 - STATE REPRESENTATIVE POS. 2,0,120.4,1827.76,-0.001707,0.001948,0.64,-17.31
express,district_aggregate,2024,ld38,LEGISLATIVE DISTRICT 38 - STATE REPRESENTATIVE POS. 2,0,240.8,0.0,0.000241,0.000241,-0.34,19.11
express,district_aggregate,2024,ld39,LEGISLATIVE DISTRICT 39 - STATE SENATOR,1,120.4,46957.19,-0.046837,0.047078,2.31,-21.22
express,district_aggregate,2024,ld40,LEGISLATIVE DISTRICT 40 - STATE SENATOR,1,1713.22,0.0,0.001713,0.001713,1.34,39.33
express,district_aggregate,2024,ld42,LEGISLATIVE DISTRICT 42 - STATE REPRESENTATIVE POS. 1,0,30058.59,49523.15,-0.019465,0.079582,3.61,10.8
express,district_aggregate,2024,ld44,LEGISLATIVE DISTRICT 44 - STATE REPRESENTATIVE POS. 2,0,240.8,0.0,0.000241,0.000241,-0.08,15.28
express,district_aggregate,2024,ld49,LEGISLATIVE DISTRICT 49 - STATE REPRESENTATIVE POS. 1,0,361.2,0.0,0.000361,0.000361,1.95,27.21
express,race_matched,2018,ld01,LEGISLATIVE DISTRICT 1 - STATE REPRESENTATIVE POS. 1,0,874.83,0.0,0.000875,0.000875,-2.12,36.0
express,race_matched,2018,ld02,LEGISLATIVE DISTRICT 2 - STATE REPRESENTATIVE POS. 1,0,395.91,0.0,0.000396,0.000396,-2.26,-18.34
express,race_matched,2018,ld03,LEGISLATIVE DISTRICT 3 - STATE REPRESENTATIVE POS. 1,0,676.87,0.0,0.000677,0.000677,-0.1,28.31
express,race_matched,2018,ld04,LEGISLATIVE DISTRICT 4 - STATE REPRESENTATIVE POS. 1,0,676.87,0.0,0.000677,0.000677,0.87,-15.48
express,race_matched,2018,ld06,LEGISLATIVE DISTRICT 6 - STATE REPRESENTATIVE POS. 1,0,6028.04,0.0,0.006028,0.006028,-0.97,-6.91
express,race_matched,2018,ld07,LEGISLATIVE DISTRICT 7 - STATE REPRESENTATIVE POS. 1,0,527.89,243.06,0.000285,0.000771,-4.81,-36.76
express,race_matched,2018,ld08,LEGISLATIVE DISTRICT 8 - STATE REPRESENTATIVE POS. 1,0,197.96,0.0,0.000198,0.000198,-7.12,-30.56
express,race_matched,2018,ld09,LEGISLATIVE DISTRICT 9 - STATE REPRESENTATIVE POS. 1,0,874.83,0.0,0.000875,0.000875,-5.07,-28.16
express,race_matched,2018,ld10,LEGISLATIVE DISTRICT 10 - STATE REPRESENTATIVE POS. 1,0,742.86,492.97,0.00025,0.001236,0.38,-4.32
express,race_matched,2018,ld12,LEGISLATIVE DISTRICT 12 - STATE REPRESENTATIVE POS. 2,0,461.9,243.06,0.000219,0.000705,-7.17,-27.6
express,race_matched,2018,ld13,LEGISLATIVE DISTRICT 13 - STATE REPRESENTATIVE POS. 1,0,527.89,0.0,0.000528,0.000528,-8.27,-42.68
express,race_matched,2018,ld15,LEGISLATIVE DISTRICT 15 - STATE REPRESENTATIVE POS. 1,0,197.96,0.0,0.000198,0.000198,-4.84,-19.42
express,race_matched,2018,ld16,LEGISLATIVE DISTRICT 16 - STATE REPRESENTATIVE POS. 1,0,4961.9,0.0,0.004962,0.004962,-4.18,-25.17
express,race_matched,2018,ld17,LEGISLATIVE DISTRICT 17 - STATE REPRESENTATIVE POS. 1,0,51749.36,254.76,0.051495,0.052004,2.94,-1.3
express,race_matched,2018,ld18,LEGISLATIVE DISTRICT 18 - STATE REPRESENTATIVE POS. 1,0,5142.28,1054.76,0.004088,0.006197,-0.12,-11.12
express,race_matched,2018,ld19,LEGISLATIVE DISTRICT 19 - STATE REPRESENTATIVE POS. 1,0,5230.27,54272.43,-0.049042,0.059503,-7.96,-0.97
express,race_matched,2018,ld20,LEGISLATIVE DISTRICT 20 - STATE REPRESENTATIVE POS. 1,0,461.9,0.0,0.000462,0.000462,-0.58,-24.04
express,race_matched,2018,ld21,LEGISLATIVE DISTRICT 21 - STATE REPRESENTATIVE POS. 1,0,676.87,0.0,0.000677,0.000677,-6.79,31.52
express,race_matched,2018,ld24,LEGISLATIVE DISTRICT 24 - STATE REPRESENTATIVE POS. 1,0,329.93,0.0,0.00033,0.00033,-9.1,16.01
express,race_matched,2018,ld25,LEGISLATIVE DISTRICT 25 - STATE REPRESENTATIVE POS. 1,0,329.93,24490.71,-0.024161,0.024821,-1.34,-1.12
express,race_matched,2018,ld26,LEGISLATIVE DISTRICT 26 - STATE REPRESENTATIVE POS. 1,0,2213.94,7821.85,-0.005608,0.010036,-1.72,-3.74
express,race_matched,2018,ld27,LEGISLATIVE DISTRICT 27 - STATE REPRESENTATIVE POS. 1,0,395.91,0.0,0.000396,0.000396,-5.8,42.46
express,race_matched,2018,ld28,LEGISLATIVE DISTRICT 28 - STATE REPRESENTATIVE POS. 1,0,36488.63,0.0,0.036489,0.036489,-6.8,5.64
express,race_matched,2018,ld29,LEGISLATIVE DISTRICT 29 - STATE REPRESENTATIVE POS. 1,0,385.1,0.0,0.000385,0.000385,-8.11,22.23
express,race_matched,2018,ld30,LEGISLATIVE DISTRICT 30 - STATE REPRESENTATIVE POS. 1,0,8703.22,0.0,0.008703,0.008703,2.9,6.26
express,race_matched,2018,ld31,LEGISLATIVE DISTRICT 31 - STATE REPRESENTATIVE POS. 1,0,1094.36,0.0,0.001094,0.001094,-5.49,-19.39
express,race_matched,2018,ld32,LEGISLATIVE DISTRICT 32 - STATE REPRESENTATIVE POS. 1,0,461.9,0.0,0.000462,0.000462,-6.81,39.46
express,race_matched,2018,ld35,LEGISLATIVE DISTRICT 35 - STATE REPRESENTATIVE POS. 1,0,395.91,225.89,0.00017,0.000622,-5.75,-15.47
express,race_matched,2018,ld39,LEGISLATIVE DISTRICT 39 - STATE REPRESENTATIVE POS. 1,0,395.91,0.0,0.000396,0.000396,-2.8,-13.21
express,race_matched,2018,ld40,LEGISLATIVE DISTRICT 40 - STATE REPRESENTATIVE POS. 1,0,874.83,211.2,0.000664,0.001086,-3.54,34.23
express,race_matched,2018,ld42,LEGISLATIVE DISTRICT 42 - STATE REPRESENTATIVE POS. 1,0,1335.32,202.04,0.001133,0.001537,-0.43,-0.11
express,race_matched,2018,ld44,LEGISLATIVE DISTRICT 44 - STATE REPRESENTATIVE POS. 1,0,676.87,0.0,0.000677,0.000677,2.18,14.07
express,race_matched,2020,ld01,LEGISLATIVE DISTRICT 1 - STATE REPRESENTATIVE POS. 1,0,369.5,0.0,0.000369,0.000369,0.28,32.96
express,race_matched,2020,ld02,LEGISLATIVE DISTRICT 2 - STATE REPRESENTATIVE POS. 2,0,436.51,0.0,0.000437,0.000437,-3.36,-31.41
express,race_matched,2020,ld03,LEGISLATIVE DISTRICT 3 - STATE REPRESENTATIVE POS. 1,0,469.67,0.0,0.00047,0.00047,-1.49,21.15
express,race_matched,2020,ld04,LEGISLATIVE DISTRICT 4 - STATE REPRESENTATIVE POS. 1,0,469.67,0.0,0.00047,0.00047,3.46,-20.79
express,race_matched,2020,ld06,LEGISLATIVE DISTRICT 6 - STATE REPRESENTATIVE POS. 1,0,469.67,0.0,0.00047,0.00047,-0.8,-3.95
express,race_matched,2020,ld07,LEGISLATIVE DISTRICT 7 - STATE REPRESENTATIVE POS. 1,0,593.3,186.95,0.000406,0.00078,-3.94,-43.9
express,race_matched,2020,ld09,LEGISLATIVE DISTRICT 9 - STATE SENATOR,1,41.47,1430.7,-0.001389,0.001472,-1.2,-31.37
express,race_matched,2020,ld10,LEGISLATIVE DISTRICT 10 - STATE REPRESENTATIVE POS. 1,0,53967.73,0.0,0.053968,0.053968,-3.26,-0.98
express,race_matched,2020,ld12,LEGISLATIVE DISTRICT 12 - STATE REPRESENTATIVE POS. 1,0,462.48,2705.71,-0.002243,0.003168,3.16,-20.87
express,race_matched,2020,ld13,LEGISLATIVE DISTRICT 13 - STATE REPRESENTATIVE POS. 1,0,0.0,186.95,-0.000187,0.000187,-2.83,-42.81
express,race_matched,2020,ld14,LEGISLATIVE DISTRICT 14 - STATE REPRESENTATIVE POS. 1,0,462.35,1537.39,-0.001075,0.002,2.52,-19.32
express,race_matched,2020,ld15,"LEGISLATIVE DISTRICT 15 - REPRESENTATIVE, POSITION 2",0,369.62,0.0,0.00037,0.00037,2.63,-18.27
express,race_matched,2020,ld16,LEGISLATIVE DISTRICT 16 - STATE REPRESENTATIVE POS. 1,0,4369.62,0.0,0.00437,0.00437,-0.28,-27.24
express,race_matched,2020,ld17,LEGISLATIVE DISTRICT 17 - STATE REPRESENTATIVE POS. 1,0,64245.12,0.0,0.064245,0.064245,-0.12,-2.16
express,race_matched,2020,ld18,LEGISLATIVE DISTRICT 18 - STATE REPRESENTATIVE POS. 1,0,406.84,1400.66,-0.000994,0.001808,-2.2,-22.51
express,race_matched,2020,ld19,LEGISLATIVE DISTRICT 19 - STATE REPRESENTATIVE POS. 1,0,91598.38,0.0,0.091598,0.091598,-10.88,-18.77
express,race_matched,2020,ld20,LEGISLATIVE DISTRICT 20 - STATE REPRESENTATIVE POS. 1,0,281.77,0.0,0.000282,0.000282,-4.96,-41.67
express,race_matched,2020,ld21,LEGISLATIVE DISTRICT 21 - STATE REPRESENTATIVE POS. 1,0,2246.12,0.0,0.002246,0.002246,-0.41,29.25
express,race_matched,2020,ld22,LEGISLATIVE DISTRICT 22 - STATE REPRESENTATIVE POS. 1,0,405.6,0.0,0.000406,0.000406,-2.58,33.19
express,race_matched,2020,ld23,LEGISLATIVE DISTRICT 23 - STATE REPRESENTATIVE POS. 1,0,318.9,0.0,0.000319,0.000319,-2.89,23.94
express,race_matched,2020,ld24,LEGISLATIVE DISTRICT 24 - STATE REPRESENTATIVE POS. 1,0,8730.71,0.0,0.008731,0.008731,-2.76,8.42
express,race_matched,2020,ld25,LEGISLATIVE DISTRICT 25 - STATE REPRESENTATIVE POS. 1,0,552.49,2433.0,-0.001881,0.002985,0.65,-6.92
express,race_matched,2020,ld26,LEGISLATIVE DISTRICT 26 - STATE REPRESENTATIVE POS. 1,0,20046.52,5125.0,0.014922,0.025172,-1.22,-5.67
express,race_matched,2020,ld27,LEGISLATIVE DISTRICT 27 - STATE SENATOR,1,522.25,0.0,0.000522,0.000522,-1.08,39.41
express,race_matched,2020,ld28,LEGISLATIVE DISTRICT 28 - STATE REPRESENTATIVE POS. 1,0,996.03,0.0,0.000996,0.000996,0.63,14.6
express,race_matched,2020,ld29,LEGISLATIVE DISTRICT 29 - STATE REPRESENTATIVE POS. 1,0,8778.75,0.0,0.008779,0.008779,1.43,27.69
express,race_matched,2020,ld30,LEGISLATIVE DISTRICT 30 - STATE REPRESENTATIVE POS. 2,0,1362.56,0.0,0.001363,0.001363,5.54,20.66
express,race_matched,2020,ld31,LEGISLATIVE DISTRICT 31 - STATE REPRESENTATIVE POS. 1,0,461.89,0.0,0.000462,0.000462,-4.87,-27.05
express,race_matched,2020,ld35,LEGISLATIVE DISTRICT 35 - STATE REPRESENTATIVE POS. 1,0,418.17,0.0,0.000418,0.000418,-1.97,-16.8
express,race_matched,2020,ld38,LEGISLATIVE DISTRICT 38 - STATE REPRESENTATIVE POS. 1,0,303.2,0.0,0.000303,0.000303,-2.48,17.93
express,race_matched,2020,ld40,LEGISLATIVE DISTRICT 40 - STATE SENATOR,1,334.11,0.0,0.000334,0.000334,1.97,39.12
express,race_matched,2020,ld42,LEGISLATIVE DISTRICT 42 - STATE REPRESENTATIVE POS. 1,0,78220.09,2247.0,0.075973,0.080467,0.57,2.33
express,race_matched,2020,ld44,LEGISLATIVE DISTRICT 44 - STATE REPRESENTATIVE POS. 1,0,7886.42,0.0,0.007886,0.007886,-0.69,14.39
express,race_matched,2020,ld49,LEGISLATIVE DISTRICT 49 - STATE REPRESENTATIVE POS. 1,0,406.84,0.0,0.000407,0.000407,-1.77,26.16
express,race_matched,2022,ld01,LEGISLATIVE DISTRICT 1 - STATE REPRESENTATIVE POS. 1,0,248.9,0.0,0.000249,0.000249,5.29,41.76
express,race_matched,2022,ld03,LEGISLATIVE DISTRICT 3 - STATE REPRESENTATIVE POS. 1,0,10864.58,0.0,0.010865,0.010865,5.28,24.92
express,race_matched,2022,ld04,LEGISLATIVE DISTRICT 4 - STATE REPRESENTATIVE POS. 1,0,858.68,24031.95,-0.023173,0.024891,0.47,-26.86
express,race_matched,2022,ld06,LEGISLATIVE DISTRICT 6 - STATE REPRESENTATIVE POS. 2,0,57.9,0.0,5.8e-05,5.8e-05,-3.41,-23.47
express,race_matched,2022,ld10,LEGISLATIVE DISTRICT 10 - STATE REPRESENTATIVE POS. 1,0,83255.69,82317.92,0.000938,0.165574,0.64,0.22
express,race_matched,2022,ld15,LEGISLATIVE DISTRICT 15 - STATE SENATOR,1,73.51,0.0,7.4e-05,7.4e-05,-6.05,-35.33
express,race_matched,2022,ld16,LEGISLATIVE DISTRICT 16 - STATE REPRESENTATIVE POS. 1,0,189.31,0.0,0.000189,0.000189,-4.62,-37.91
express,race_matched,2022,ld17,LEGISLATIVE DISTRICT 17 - STATE REPRESENTATIVE POS. 1,0,160.36,0.0,0.00016,0.00016,4.88,-6.46
express,race_matched,2022,ld18,LEGISLATIVE DISTRICT 18 - STATE REPRESENTATIVE POS. 1,0,794.61,0.0,0.000795,0.000795,6.86,-4.9
express,race_matched,2022,ld19,LEGISLATIVE DISTRICT 19 - STATE REPRESENTATIVE POS. 1,0,423.19,0.0,0.000423,0.000423,-2.14,-24.4
express,race_matched,2022,ld21,LEGISLATIVE DISTRICT 21 - STATE REPRESENTATIVE POS. 1,0,183.19,0.0,0.000183,0.000183,0.86,34.86
express,race_matched,2022,ld22,LEGISLATIVE DISTRICT 22 - STATE REPRESENTATIVE POS. 1,0,131.41,0.0,0.000131,0.000131,-0.16,31.82
express,race_matched,2022,ld23,LEGISLATIVE DISTRICT 23 - STATE REPRESENTATIVE POS. 1,0,131.41,0.0,0.000131,0.000131,-5.17,27.73
express,race_matched,2022,ld24,LEGISLATIVE DISTRICT 24 - STATE REPRESENTATIVE POS. 1,0,35126.32,0.0,0.035126,0.035126,3.83,13.22
express,race_matched,2022,ld25,LEGISLATIVE DISTRICT 25 - STATE REPRESENTATIVE POS. 1,0,131.41,0.0,0.000131,0.000131,-1.17,-11.43
express,race_matched,2022,ld26,LEGISLATIVE DISTRICT 26 - STATE REPRESENTATIVE POS. 1,0,17168.68,0.0,0.017169,0.017169,6.72,-0.99
express,race_matched,2022,ld27,LEGISLATIVE DISTRICT 27 - STATE REPRESENTATIVE POS. 1,0,131.41,0.0,0.000131,0.000131,1.18,43.26
express,race_matched,2022,ld28,LEGISLATIVE DISTRICT 28 - STATE REPRESENTATIVE POS. 1,0,631.41,0.0,0.000631,0.000631,2.68,16.42
express,race_matched,2022,ld29,LEGISLATIVE DISTRICT 29 - STATE REPRESENTATIVE POS. 1,0,131.41,5000.0,-0.004869,0.005131,-5.28,13.98
express,race_matched,2022,ld30,LEGISLATIVE DISTRICT 30 - STATE REPRESENTATIVE POS. 1,0,631.41,1466.67,-0.000835,0.002098,-1.3,10.81
express,race_matched,2022,ld31,LEGISLATIVE DISTRICT 31 - STATE REPRESENTATIVE POS. 1,0,160.36,0.0,0.00016,0.00016,1.74,-20.2
express,race_matched,2022,ld32,LEGISLATIVE DISTRICT 32 - STATE REPRESENTATIVE POS. 2,0,160.36,0.0,0.00016,0.00016,9.96,59.01
express,race_matched,2022,ld35,LEGISLATIVE DISTRICT 35 - STATE REPRESENTATIVE POS. 1,0,160.36,0.0,0.00016,0.00016,0.1,-18.12
express,race_matched,2022,ld38,LEGISLATIVE DISTRICT 38 - STATE REPRESENTATIVE POS. 1,0,131.41,0.0,0.000131,0.000131,1.76,17.13
express,race_matched,2022,ld39,LEGISLATIVE DISTRICT 39 - STATE REPRESENTATIVE POS. 2,0,212.15,0.0,0.000212,0.000212,1.86,-19.43
express,race_matched,2022,ld40,LEGISLATIVE DISTRICT 40 - STATE REPRESENTATIVE POS. 1,0,953.34,0.0,0.000953,0.000953,1.55,38.78
express,race_matched,2022,ld42,LEGISLATIVE DISTRICT 42 - STATE REPRESENTATIVE POS. 1,0,241601.36,10000.0,0.231601,0.251601,-1.61,3.53
express,race_matched,2022,ld44,LEGISLATIVE DISTRICT 44 - STATE REPRESENTATIVE POS. 1,0,0.0,102750.88,-0.102751,0.102751,-6.16,6.63
express,race_matched,2022,ld49,LEGISLATIVE DISTRICT 49 - STATE REPRESENTATIVE POS. 1,0,131.41,0.0,0.000131,0.000131,-0.97,24.13
express,race_matched,2024,ld01,LEGISLATIVE DISTRICT 1 - STATE REPRESENTATIVE POS. 1,0,152.98,0.0,0.000153,0.000153,3.95,38.55
express,race_matched,2024,ld02,LEGISLATIVE DISTRICT 2 - STATE SENATOR,1,120.4,1350.68,-0.00123,0.001471,1.8,-26.23
express,race_matched,2024,ld03,LEGISLATIVE DISTRICT 3 - STATE REPRESENTATIVE POS. 1,0,856.61,0.0,0.000857,0.000857,-0.96,17.58
express,race_matched,2024,ld04,LEGISLATIVE DISTRICT 4 - STATE SENATOR,1,856.61,324.64,0.000532,0.001181,1.99,-28.8
express,race_matched,2024,ld06,LEGISLATIVE DISTRICT 6 - STATE REPRESENTATIVE POS. 1,0,856.61,228.98,0.000628,0.001086,-3.39,-24.73
express,race_matched,2024,ld07,LEGISLATIVE DISTRICT 7 - STATE REPRESENTATIVE POS. 2,0,954.35,484.22,0.00047,0.001439,2.05,-41.64
express,race_matched,2024,ld08,LEGISLATIVE DISTRICT 8 - STATE REPRESENTATIVE POS. 2,0,300.97,2881.97,-0.002581,0.003183,-3.78,-41.02
express,race_matched,2024,ld09,LEGISLATIVE DISTRICT 9 - STATE REPRESENTATIVE POS. 1,0,856.61,603.26,0.000253,0.00146,1.43,-29.86
express,race_matched,2024,ld10,LEGISLATIVE DISTRICT 10 - STATE REPRESENTATIVE POS. 1,0,152.98,63959.06,-0.063806,0.064112,0.72,6.54
express,race_matched,2024,ld12,LEGISLATIVE DISTRICT 12 - STATE REPRESENTATIVE POS. 1,0,954.35,648.53,0.000306,0.001603,10.32,-6.62
express,race_matched,2024,ld14,LEGISLATIVE DISTRICT 14 - STATE REPRESENTATIVE POS. 1,0,8768.87,46912.21,-0.038143,0.055681,9.67,-8.28
express,race_matched,2024,ld16,LEGISLATIVE DISTRICT 16 - STATE REPRESENTATIVE POS. 1,0,921.77,120.55,0.000801,0.001042,1.27,-29.01
express,race_matched,2024,ld17,LEGISLATIVE DISTRICT 17 - STATE SENATOR,1,744020.74,48246.65,0.695774,0.792267,3.91,-2.34
express,race_matched,2024,ld18,LEGISLATIVE DISTRICT 18 - STATE REPRESENTATIVE POS. 1,0,120.4,23785.83,-0.023665,0.023906,-1.51,-11.43
express,race_matched,2024,ld19,LEGISLATIVE DISTRICT 19 - STATE REPRESENTATIVE POS. 1,0,283.32,230.43,5.3e-05,0.000514,2.31,-20.12
express,race_matched,2024,ld21,LEGISLATIVE DISTRICT 21 - STATE REPRESENTATIVE POS. 1,0,1945.4,0.0,0.001945,0.001945,-0.34,33.71
express,race_matched,2024,ld23,LEGISLATIVE DISTRICT 23 - STATE REPRESENTATIVE POS. 1,0,120.4,0.0,0.00012,0.00012,0.64,26.09
express,race_matched,2024,ld24,LEGISLATIVE DISTRICT 24 - STATE REPRESENTATIVE POS. 1,0,20532.12,0.0,0.020532,0.020532,-3.04,10.07
express,race_matched,2024,ld25,LEGISLATIVE DISTRICT 25 - STATE REPRESENTATIVE POS. 1,0,120.4,1333.29,-0.001213,0.001454,3.13,-11.88
express,race_matched,2024,ld26,LEGISLATIVE DISTRICT 26 - STATE REPRESENTATIVE POS. 1,0,18361.33,23321.69,-0.00496,0.041683,3.73,3.66
express,race_matched,2024,ld27,LEGISLATIVE DISTRICT 27 - STATE REPRESENTATIVE POS. 1,0,1337.07,0.0,0.001337,0.001337,1.07,43.55
express,race_matched,2024,ld28,LEGISLATIVE DISTRICT 28 - STATE REPRESENTATIVE POS. 1,0,120.4,1663.86,-0.001543,0.001784,-0.08,17.04
express,race_matched,2024,ld30,LEGISLATIVE DISTRICT 30 - STATE REPRESENTATIVE POS. 1,0,120.4,0.0,0.00012,0.00012,0.89,12.44
express,race_matched,2024,ld31,LEGISLATIVE DISTRICT 31 - STATE REPRESENTATIVE POS. 1,0,120.4,1825.0,-0.001705,0.001945,-1.8,-27.38
express,race_matched,2024,ld32,LEGISLATIVE DISTRICT 32 - STATE REPRESENTATIVE POS. 1,0,120.4,0.0,0.00012,0.00012,3.91,48.57
express,race_matched,2024,ld35,LEGISLATIVE DISTRICT 35 - STATE REPRESENTATIVE POS. 2,0,120.4,1127.66,-0.001007,0.001248,0.64,-17.31
express,race_matched,2024,ld38,LEGISLATIVE DISTRICT 38 - STATE REPRESENTATIVE POS. 2,0,120.4,0.0,0.00012,0.00012,-0.34,19.11
express,race_matched,2024,ld39,LEGISLATIVE DISTRICT 39 - STATE SENATOR,1,120.4,394.48,-0.000274,0.000515,2.31,-21.22
express,race_matched,2024,ld40,LEGISLATIVE DISTRICT 40 - STATE SENATOR,1,856.61,0.0,0.000857,0.000857,1.34,39.33
express,race_matched,2024,ld42,LEGISLATIVE DISTRICT 42 - STATE REPRESENTATIVE POS. 1,0,27494.54,0.0,0.027495,0.027495,3.61,10.8
express,race_matched,2024,ld44,LEGISLATIVE DISTRICT 44 - STATE REPRESENTATIVE POS. 2,0,120.4,0.0,0.00012,0.00012,-0.08,15.28
express,race_matched,2024,ld49,LEGISLATIVE DISTRICT 49 - STATE REPRESENTATIVE POS. 1,0,120.4,0.0,0.00012,0.00012,1.95,27.21
